transfers_out,yellow_cards,tackles,goals_conceded,winning_goals,errors_leading_to_goal_attempt,saves,influence,key_passes,transfers_in,transfers_balance,goals_scored,player_id,id,own_goals,team_h_score,selected,creativity,kickoff_time_formatted,bonus,big_chances_created,ict_index,total_points,penalties_missed,attempted_passes,opponent_team,completed_passes,target_missed,errors_leading_to_goal,loaned_in,fixture,was_home,recoveries,clean_sheets,assists,team_a_score,open_play_crosses,clearances_blocks_interceptions,penalties_conceded,offside,ea_index,kickoff_time,penalties_saved,fouls,red_cards,loaned_out,value,element,bps,dribbles,threat,tackled,big_chances_missed,minutes,round
0,0,0,0,0,0,0,0.0,0,0,0,0,1,1,0,4,8964,0.0,11 Aug 19:45,0,0,0.0,0,0,0,9,0,0,0,0,1,True,0,0,0,3,0,0,0,0,0,2017-08-11T18:45:00Z,0,0,0,0,50,1,0,0,0.0,0,0,0,1
0,0,1,3,0,0,0,12.2,0,0,0,0,2,2,0,4,222249,0.0,11 Aug 19:45,0,0,1.2,1,0,20,9,16,0,0,0,1,True,4,0,0,3,0,0,0,0,0,2017-08-11T18:45:00Z,0,0,0,0,55,2,9,0,0.0,0,0,90,1
0,0,0,0,0,0,0,0.0,0,0,0,0,3,3,0,4,43837,0.0,11 Aug 19:45,0,0,0.0,0,0,0,9,0,0,0,0,1,True,0,0,0,3,0,0,0,0,0,2017-08-11T18:45:00Z,0,0,0,0,40,3,0,0,0.0,0,0,0,1
0,0,0,0,0,0,0,0.0,0,0,0,0,4,4,0,4,22384,0.0,11 Aug 19:45,0,0,0.0,0,0,0,9,0,0,0,0,1,True,0,0,0,3,0,0,0,0,0,2017-08-11T18:45:00Z,0,0,0,0,60,4,0,0,0.0,0,0,0,1
0,0,0,0,0,0,0,0.0,0,0,0,0,5,5,0,4,22724,0.0,11 Aug 19:45,0,0,0.0,0,0,0,9,0,0,0,0,1,True,0,0,0,3,0,0,0,0,0,2017-08-11T18:45:00Z,0,0,0,0,50,5,0,0,0.0,0,0,0,1
0,0,0,0,0,0,0,0.0,0,0,0,0,6,6,0,4,1698,0.0,11 Aug 19:45,0,0,0.0,0,0,0,9,0,0,0,0,1,True,0,0,0,3,0,0,0,0,0,2017-08-11T18:45:00Z,0,0,0,0,50,6,0,0,0.0,0,0,0,1
0,0,1,3,0,0,0,17.2,2,0,0,0,7,7,0,4,572986,27.5,11 Aug 19:45,0,0,7.0,1,0,60,9,53,0,0,0,1,True,7,0,0,3,0,1,0,0,0,2017-08-11T18:45:00Z,0,1,0,0,60,7,9,1,25.0,4,1,90,1
0,0,0,0,0,0,0,0.0,0,0,0,0,8,8,0,4,6359,0.0,11 Aug 19:45,0,0,0.0,0,0,0,9,0,0,0,0,1,True,0,0,0,3,0,0,0,0,0,2017-08-11T18:45:00Z,0,0,0,0,50,8,0,0,0.0,0,0,0,1
0,0,0,0,0,0,0,0.0,0,0,0,0,9,9,0,4,14005,0.0,11 Aug 19:45,0,0,0.0,0,0,0,9,0,0,0,0,1,True,0,0,0,3,0,0,0,0,0,2017-08-11T18:45:00Z,0,0,0,0,45,9,0,0,0.0,0,0,0,1
0,0,2,3,0,0,0,30.2,0,0,0,0,10,10,0,4,227033,1.3,11 Aug 19:45,0,0,3.2,1,0,57,9,54,0,0,0,1,True,7,0,0,3,0,12,0,0,0,2017-08-11T18:45:00Z,0,0,0,0,55,10,24,0,0.0,0,0,90,1
0,0,1,3,0,0,0,19.2,0,0,0,0,11,11,0,4,95869,2.1,11 Aug 19:45,0,0,2.1,1,0,59,9,49,0,0,0,1,True,7,0,0,3,0,12,0,0,0,2017-08-11T18:45:00Z,0,2,0,0,50,11,18,0,0.0,0,0,66,1
0,0,0,0,0,0,0,0.0,0,0,0,0,12,12,0,4,78101,0.0,11 Aug 19:45,0,0,0.0,0,0,0,9,0,0,0,0,1,True,0,0,0,3,0,0,0,0,0,2017-08-11T18:45:00Z,0,0,0,0,55,12,0,0,0.0,0,0,0,1
0,0,4,3,0,0,0,40.2,1,0,0,0,13,13,0,4,467980,15.6,11 Aug 19:45,1,1,7.9,5,0,70,9,59,0,0,0,1,True,7,0,1,3,0,4,0,0,0,2017-08-11T18:45:00Z,0,1,0,0,60,13,35,1,23.0,0,0,90,1
0,0,0,0,0,0,0,0.0,0,0,0,0,14,14,0,4,126282,0.0,11 Aug 19:45,0,0,0.0,0,0,0,9,0,0,0,0,1,True,0,0,0,3,0,0,0,0,0,2017-08-11T18:45:00Z,0,0,0,0,120,14,0,0,0.0,0,0,0,1
0,0,0,0,0,0,0,1.0,0,0,0,0,15,15,0,4,120780,0.3,11 Aug 19:45,0,0,0.1,1,0,2,9,1,0,0,0,1,True,0,0,0,3,0,1,0,1,0,2017-08-11T18:45:00Z,0,0,0,0,75,15,2,0,0.0,0,0,15,1
0,0,0,3,0,0,0,18.6,6,0,0,0,16,16,0,4,78613,80.8,11 Aug 19:45,0,1,12.4,2,0,81,9,70,2,0,0,1,True,2,0,0,3,0,1,0,1,0,2017-08-11T18:45:00Z,0,0,0,0,95,16,15,2,25.0,3,0,90,1
0,0,0,0,0,0,0,0.0,0,0,0,0,17,17,0,4,1541,0.0,11 Aug 19:45,0,0,0.0,0,0,0,9,0,0,0,0,1,True,0,0,0,3,0,0,0,0,0,2017-08-11T18:45:00Z,0,0,0,0,70,17,0,0,0.0,0,0,0,1
0,0,0,0,0,0,0,29.6,1,0,0,1,18,18,0,4,33792,11.2,11 Aug 19:45,0,0,6.7,6,0,11,9,8,3,0,0,1,True,2,0,0,3,0,0,0,0,0,2017-08-11T18:45:00Z,0,0,0,0,70,18,16,0,26.0,0,1,23,1
0,0,3,3,0,0,0,35.8,2,0,0,0,19,19,0,4,135193,29.3,11 Aug 19:45,0,0,10.9,2,0,51,9,40,2,0,0,1,True,10,0,0,3,1,7,0,0,0,2017-08-11T18:45:00Z,0,1,0,0,60,19,26,8,44.0,2,0,90,1
0,0,0,0,0,0,0,0.0,0,0,0,0,20,20,0,4,26574,0.0,11 Aug 19:45,0,0,0.0,0,0,0,9,0,0,0,0,1,True,0,0,0,3,0,0,0,0,0,2017-08-11T18:45:00Z,0,0,0,0,45,20,0,0,0.0,0,0,0,1
0,0,0,0,0,0,0,0.0,0,0,0,0,21,21,0,4,134752,0.0,11 Aug 19:45,0,0,0.0,0,0,0,9,0,0,0,0,1,True,0,0,0,3,0,0,0,0,0,2017-08-11T18:45:00Z,0,0,0,0,55,21,0,0,0.0,0,0,0,1
0,0,0,3,0,0,0,31.4,2,0,0,0,22,22,0,4,60538,30.8,11 Aug 19:45,0,0,6.3,5,0,72,9,65,1,0,0,1,True,3,0,1,3,0,1,0,0,0,2017-08-11T18:45:00Z,0,0,0,0,45,22,21,0,1.0,2,0,66,1
0,0,0,3,0,0,0,51.2,5,0,0,0,23,23,0,4,168237,77.8,11 Aug 19:45,2,0,15.3,10,0,99,9,81,0,0,0,1,True,8,0,2,3,1,2,0,0,0,2017-08-11T18:45:00Z,0,1,0,0,55,23,37,1,24.0,0,0,90,1
0,0,0,0,0,0,0,0.0,0,0,0,0,24,24,0,4,1481,0.0,11 Aug 19:45,0,0,0.0,0,0,0,9,0,0,0,0,1,True,0,0,0,3,0,0,0,0,0,2017-08-11T18:45:00Z,0,0,0,0,55,24,0,0,0.0,0,0,0,1
0,0,0,0,1,0,0,35.0,1,0,0,1,25,25,0,4,81145,14.9,11 Aug 19:45,0,0,6.9,5,0,8,9,7,0,0,0,1,True,0,0,0,3,0,0,0,0,0,2017-08-11T18:45:00Z,0,0,0,0,85,25,31,0,19.0,0,0,23,1
0,0,1,3,0,0,0,43.0,2,0,0,1,26,26,0,4,38464,29.0,11 Aug 19:45,0,1,12.9,6,0,21,9,16,0,0,0,1,True,2,0,0,3,0,2,0,1,0,2017-08-11T18:45:00Z,0,1,0,0,75,26,31,2,57.0,4,1,74,1
0,0,0,0,0,0,0,0.0,0,0,0,0,27,27,0,4,11966,0.0,11 Aug 19:45,0,0,0.0,0,0,0,9,0,0,0,0,1,True,0,0,0,3,0,0,0,0,0,2017-08-11T18:45:00Z,0,0,0,0,75,27,0,0,0.0,0,0,0,1
0,0,0,3,0,0,0,49.0,3,0,0,1,28,28,0,4,695667,39.8,11 Aug 19:45,0,1,14.9,6,0,21,9,19,0,0,0,1,True,2,0,0,3,1,1,0,2,0,2017-08-11T18:45:00Z,0,2,0,0,105,28,32,1,60.0,2,0,90,1
0,0,0,1,0,0,5,34.6,0,0,0,0,29,29,0,1,227589,0.0,12 Aug 15:00,0,0,3.5,3,0,23,19,15,0,0,0,8,False,9,0,0,0,0,1,0,0,0,2017-08-12T14:00:00Z,0,0,0,0,45,29,19,0,0.0,0,0,90,1
0,0,0,0,0,0,0,0.0,0,0,0,0,30,30,0,1,208181,0.0,12 Aug 15:00,0,0,0.0,0,0,0,19,0,0,0,0,8,False,0,0,0,0,0,0,0,0,0,2017-08-12T14:00:00Z,0,0,0,0,45,30,0,0,0.0,0,0,0,1
0,0,0,0,0,0,0,0.0,0,0,0,0,31,31,0,1,224542,0.0,12 Aug 15:00,0,0,0.0,0,0,0,19,0,0,0,0,8,False,0,0,0,0,0,0,0,0,0,2017-08-12T14:00:00Z,0,0,0,0,40,31,0,0,0.0,0,0,0,1
0,0,0,1,0,0,0,17.6,0,0,0,0,32,32,0,1,134616,9.6,12 Aug 15:00,0,0,2.7,2,0,54,19,44,0,0,0,8,False,3,0,0,0,1,6,0,0,0,2017-08-12T14:00:00Z,0,0,0,0,45,32,16,2,0.0,1,0,79,1
0,0,1,1,0,0,0,13.6,1,0,0,0,33,33,0,1,35704,11.4,12 Aug 15:00,0,0,2.7,2,0,61,19,47,0,0,0,8,False,5,0,0,0,0,2,0,0,0,2017-08-12T14:00:00Z,0,0,0,0,50,33,12,0,2.0,1,0,90,1
0,0,0,1,0,0,0,12.2,0,0,0,0,34,34,0,1,852727,10.0,12 Aug 15:00,0,0,4.0,2,0,70,19,57,0,0,0,8,False,6,0,0,0,1,1,0,0,0,2017-08-12T14:00:00Z,0,0,0,0,50,34,13,0,18.0,0,0,90,1
0,0,0,0,0,0,0,2.2,0,0,0,0,35,35,0,1,50168,0.6,12 Aug 15:00,0,0,0.3,1,0,6,19,6,0,0,0,8,False,0,0,0,0,0,1,0,0,0,2017-08-12T14:00:00Z,0,0,0,0,50,35,2,0,0.0,1,0,10,1
0,0,0,0,0,0,0,0.0,0,0,0,0,36,36,0,1,18958,0.0,12 Aug 15:00,0,0,0.0,0,0,0,19,0,0,0,0,8,False,0,0,0,0,0,0,0,0,0,2017-08-12T14:00:00Z,0,0,0,0,45,36,0,0,0.0,0,0,0,1
0,0,0,0,0,0,0,0.0,0,0,0,0,37,37,0,1,168690,0.0,12 Aug 15:00,0,0,0.0,0,0,0,19,0,0,0,0,8,False,0,0,0,0,0,0,0,0,0,2017-08-12T14:00:00Z,0,0,0,0,40,37,0,0,0.0,0,0,0,1
0,0,4,1,0,0,0,24.0,0,0,0,0,38,38,0,1,336369,0.3,12 Aug 15:00,1,0,4.1,3,0,60,19,54,0,0,0,8,False,9,0,0,0,0,4,0,0,0,2017-08-12T14:00:00Z,0,0,0,0,50,38,25,0,17.0,0,0,90,1
0,1,3,1,0,0,0,15.0,0,0,0,0,39,39,0,1,35277,9.7,12 Aug 15:00,0,0,2.6,1,0,102,19,95,1,0,0,8,False,5,0,0,0,0,3,0,0,0,2017-08-12T14:00:00Z,0,1,0,0,50,39,13,0,1.0,2,0,90,1
0,0,0,1,0,0,0,1.8,1,0,0,0,40,40,0,1,4459,15.3,12 Aug 15:00,0,0,1.9,1,0,23,19,20,0,0,0,8,False,1,0,0,0,0,0,0,0,0,2017-08-12T14:00:00Z,0,0,0,0,50,40,2,0,2.0,2,0,45,1
0,0,1,1,0,0,0,21.6,1,0,0,0,41,41,0,1,29900,17.6,12 Aug 15:00,0,0,4.0,2,0,106,19,93,1,0,0,8,False,4,0,0,0,0,3,0,0,0,2017-08-12T14:00:00Z,0,0,0,0,45,41,14,0,1.0,0,0,90,1
0,0,0,0,0,0,0,0.0,0,0,0,0,42,42,0,1,4109,0.0,12 Aug 15:00,0,0,0.0,0,0,0,19,0,0,0,0,8,False,0,0,0,0,0,0,0,0,0,2017-08-12T14:00:00Z,0,0,0,0,60,42,0,0,0.0,0,0,0,1
0,0,0,0,0,0,0,0.0,0,0,0,0,43,43,0,1,3554,0.0,12 Aug 15:00,0,0,0.0,0,0,0,19,0,0,0,0,8,False,0,0,0,0,0,0,0,0,0,2017-08-12T14:00:00Z,0,0,0,0,50,43,0,0,0.0,0,0,0,1
0,0,0,0,0,0,0,0.0,0,0,0,0,44,44,0,1,4103,0.0,12 Aug 15:00,0,0,0.0,0,0,0,19,0,0,0,0,8,False,0,0,0,0,0,0,0,0,0,2017-08-12T14:00:00Z,0,0,0,0,50,44,0,0,0.0,0,0,0,1
0,0,2,0,0,0,0,11.0,0,0,0,0,45,45,0,1,21655,7.3,12 Aug 15:00,0,0,2.8,1,0,26,19,22,0,0,0,8,False,4,0,0,0,1,2,0,0,0,2017-08-12T14:00:00Z,0,0,0,0,50,45,6,0,10.0,4,0,45,1
0,0,0,0,0,0,0,0.0,0,0,0,0,46,46,0,1,26243,0.0,12 Aug 15:00,0,0,0.0,0,0,0,19,0,0,0,0,8,False,0,0,0,0,0,0,0,0,0,2017-08-12T14:00:00Z,0,0,0,0,45,46,0,0,0.0,0,0,0,1
0,0,0,1,0,0,0,13.8,2,0,0,0,47,47,0,1,58560,33.7,12 Aug 15:00,0,0,7.7,2,0,44,19,40,0,0,0,8,False,4,0,0,0,1,0,0,0,0,2017-08-12T14:00:00Z,0,0,0,0,55,47,13,0,29.0,3,0,90,1
0,0,0,0,0,0,0,0.0,0,0,0,0,48,48,0,1,1729,0.0,12 Aug 15:00,0,0,0.0,0,0,0,19,0,0,0,0,8,False,0,0,0,0,0,0,0,0,0,2017-08-12T14:00:00Z,0,0,0,0,60,48,0,0,0.0,0,0,0,1
0,0,0,1,0,0,0,5.2,1,0,0,0,49,49,0,1,30511,16.2,12 Aug 15:00,0,0,2.7,2,0,6,19,6,0,0,0,8,False,0,0,0,0,1,1,0,0,0,2017-08-12T14:00:00Z,0,0,0,0,60,49,7,0,6.0,1,0,63,1
0,0,0,0,0,0,0,0.0,0,0,0,0,50,50,0,1,4671,0.0,12 Aug 15:00,0,0,0.0,0,0,0,19,0,0,0,0,8,False,0,0,0,0,0,0,0,0,0,2017-08-12T14:00:00Z,0,0,0,0,50,50,0,0,0.0,0,0,0,1
0,0,0,1,0,0,0,7.0,1,0,0,0,51,51,0,1,273764,12.2,12 Aug 15:00,0,0,6.5,2,0,24,19,21,0,0,0,8,False,1,0,0,0,0,1,0,0,0,2017-08-12T14:00:00Z,0,1,0,0,75,51,6,3,46.0,3,0,90,1
0,0,0,0,0,0,0,1.2,1,0,0,0,52,52,0,1,210521,10.8,12 Aug 15:00,0,0,1.4,1,0,3,19,3,0,0,0,8,False,0,0,0,0,0,0,0,0,0,2017-08-12T14:00:00Z,0,1,0,0,80,52,2,0,2.0,1,0,26,1
0,0,0,0,0,0,0,0.0,0,0,0,0,53,53,0,0,58538,0.0,12 Aug 17:30,0,0,0.0,0,0,0,11,0,0,0,0,2,True,0,0,0,2,0,0,0,0,0,2017-08-12T16:30:00Z,0,0,0,0,40,53,0,0,0.0,0,0,0,1
0,0,0,2,0,0,3,17.4,0,0,0,0,54,54,0,0,29416,0.0,12 Aug 17:30,0,0,1.7,2,0,27,11,13,0,0,0,2,True,10,0,0,2,0,0,0,0,0,2017-08-12T16:30:00Z,0,0,0,0,45,54,15,0,0.0,0,0,90,1
0,0,0,2,0,0,0,26.8,1,0,0,0,55,55,1,0,79027,10.3,12 Aug 17:30,0,0,9.1,-1,0,11,11,8,0,0,0,2,True,3,0,0,2,0,12,0,0,0,2017-08-12T16:30:00Z,0,0,0,0,45,55,8,0,54.0,0,0,90,1
0,0,0,2,0,1,0,16.6,0,0,0,0,56,56,0,0,15722,0.0,12 Aug 17:30,0,0,3.5,1,0,13,11,9,0,0,0,2,True,1,0,0,2,0,10,0,0,0,2017-08-12T16:30:00Z,0,0,0,0,45,56,10,0,18.0,0,0,90,1
0,0,0,0,0,0,0,0.0,0,0,0,0,57,57,0,0,294924,0.0,12 Aug 17:30,0,0,0.0,0,0,0,11,0,0,0,0,2,True,0,0,0,2,0,0,0,0,0,2017-08-12T16:30:00Z,0,0,0,0,40,57,0,0,0.0,0,0,0,1
0,0,1,2,0,0,0,20.2,0,0,0,0,58,58,0,0,11889,0.3,12 Aug 17:30,0,0,2.1,1,0,24,11,18,0,0,0,2,True,8,0,0,2,0,7,0,0,0,2017-08-12T16:30:00Z,0,0,0,0,45,58,14,1,0.0,0,0,90,1
0,0,0,0,0,0,0,0.0,0,0,0,0,59,59,0,0,5547,0.0,12 Aug 17:30,0,0,0.0,0,0,0,11,0,0,0,0,2,True,0,0,0,2,0,0,0,0,0,2017-08-12T16:30:00Z,0,0,0,0,45,59,0,0,0.0,0,0,0,1
0,0,0,0,0,0,0,0.0,0,0,0,0,60,60,0,0,129815,0.0,12 Aug 17:30,0,0,0.0,0,0,0,11,0,0,0,0,2,True,0,0,0,2,0,0,0,0,0,2017-08-12T16:30:00Z,0,0,0,0,40,60,0,0,0.0,0,0,0,1
0,0,0,0,0,0,0,0.0,0,0,0,0,61,61,0,0,35648,0.0,12 Aug 17:30,0,0,0.0,0,0,0,11,0,0,0,0,2,True,0,0,0,2,0,0,0,0,0,2017-08-12T16:30:00Z,0,0,0,0,40,61,0,0,0.0,0,0,0,1
0,0,1,0,0,0,0,2.0,0,0,0,0,62,62,0,0,87634,5.2,12 Aug 17:30,0,0,0.9,1,0,4,11,2,0,0,0,2,True,0,0,0,2,1,0,0,0,0,2017-08-12T16:30:00Z,0,0,0,0,60,62,5,0,2.0,1,0,13,1
0,0,0,2,0,0,0,5.4,0,0,0,0,63,63,0,0,21575,0.4,12 Aug 17:30,0,0,0.6,2,0,19,11,14,0,0,0,2,True,6,0,0,2,0,6,0,0,0,2017-08-12T16:30:00Z,0,3,0,0,45,63,7,0,0.0,1,0,90,1
0,0,0,0,0,0,0,0.0,0,0,0,0,64,64,0,0,3747,0.0,12 Aug 17:30,0,0,0.0,0,0,0,11,0,0,0,0,2,True,0,0,0,2,0,0,0,0,0,2017-08-12T16:30:00Z,0,0,0,0,45,64,0,0,0.0,0,0,0,1
0,0,0,0,0,0,0,0.0,0,0,0,0,65,65,0,0,21349,0.0,12 Aug 17:30,0,0,0.0,0,0,0,11,0,0,0,0,2,True,0,0,0,2,0,0,0,0,0,2017-08-12T16:30:00Z,0,0,0,0,45,65,0,0,0.0,0,0,0,1
0,0,2,2,0,0,0,15.4,0,0,0,0,66,66,0,0,6536,0.5,12 Aug 17:30,0,0,1.6,2,0,18,11,13,0,0,0,2,True,6,0,0,2,0,7,0,1,0,2017-08-12T16:30:00Z,0,1,0,0,50,66,14,2,0.0,1,0,76,1
0,0,0,0,0,0,0,0.0,0,0,0,0,67,67,0,0,1530,0.0,12 Aug 17:30,0,0,0.0,0,0,0,11,0,0,0,0,2,True,0,0,0,2,0,0,0,0,0,2017-08-12T16:30:00Z,0,0,0,0,50,67,0,0,0.0,0,0,0,1
0,0,0,0,0,0,0,0.0,0,0,0,0,68,68,0,0,596,0.0,12 Aug 17:30,0,0,0.0,0,0,0,11,0,0,0,0,2,True,0,0,0,2,0,0,0,0,0,2017-08-12T16:30:00Z,0,0,0,0,45,68,0,0,0.0,0,0,0,1
0,0,1,2,0,0,0,4.0,0,0,0,0,69,69,0,0,3230,0.8,12 Aug 17:30,0,0,0.9,2,0,8,11,6,0,0,0,2,True,1,0,0,2,0,0,0,1,0,2017-08-12T16:30:00Z,0,1,0,0,50,69,5,0,4.0,1,0,66,1
0,0,0,2,0,0,0,7.0,1,0,0,0,70,70,0,0,27254,17.1,12 Aug 17:30,0,0,2.4,2,0,26,11,13,0,0,0,2,True,4,0,0,2,1,2,0,3,0,2017-08-12T16:30:00Z,0,0,0,0,55,70,6,0,0.0,1,0,90,1
0,0,0,2,0,0,0,0.0,0,0,0,0,71,71,0,0,26660,0.3,12 Aug 17:30,0,0,0.0,1,0,4,11,3,0,0,0,2,True,1,0,0,2,0,0,0,1,0,2017-08-12T16:30:00Z,0,1,0,0,60,71,1,0,0.0,0,0,30,1
0,0,0,0,0,0,0,0.0,0,0,0,0,72,72,0,0,12807,0.5,12 Aug 17:30,0,0,0.0,1,0,17,11,6,0,0,0,2,True,3,0,0,2,0,0,0,0,0,2017-08-12T16:30:00Z,0,0,0,0,50,72,0,0,0.0,4,0,59,1
0,0,0,0,0,0,0,0.0,0,0,0,0,73,73,0,0,1201,0.0,12 Aug 17:30,0,0,0.0,0,0,0,11,0,0,0,0,2,True,0,0,0,2,0,0,0,0,0,2017-08-12T16:30:00Z,0,0,0,0,50,73,0,0,0.0,0,0,0,1
0,0,0,2,0,0,4,18.4,0,0,0,0,74,74,0,2,393626,0.0,12 Aug 15:00,0,0,1.8,2,0,35,5,16,0,0,0,3,False,12,0,0,3,0,1,0,0,0,2017-08-12T14:00:00Z,0,0,0,0,50,74,18,0,0.0,0,0,90,1
0,0,0,0,0,0,0,0.0,0,0,0,0,75,75,0,2,528,0.0,12 Aug 15:00,0,0,0.0,0,0,0,5,0,0,0,0,3,False,0,0,0,3,0,0,0,0,0,2017-08-12T14:00:00Z,0,0,0,0,45,75,0,0,0.0,0,0,0,1
0,0,1,2,0,0,0,33.0,1,0,0,0,76,76,0,2,42328,16.6,12 Aug 15:00,0,0,5.0,4,0,27,5,23,0,0,0,3,False,5,0,1,3,1,7,0,0,0,2017-08-12T14:00:00Z,0,0,0,0,45,76,22,0,0.0,1,0,90,1
0,1,1,2,0,0,0,31.2,0,0,0,0,77,77,0,2,470160,0.2,12 Aug 15:00,0,0,6.7,0,0,34,5,27,0,0,0,3,False,2,0,0,3,0,9,0,0,0,2017-08-12T14:00:00Z,0,1,0,0,45,77,10,0,36.0,0,0,90,1
0,0,0,2,0,0,0,53.8,0,0,0,1,78,78,0,2,96206,2.0,12 Aug 15:00,0,0,7.5,7,0,38,5,32,0,0,0,3,False,3,0,0,3,0,3,0,0,0,2017-08-12T14:00:00Z,0,0,0,0,45,78,24,1,19.0,1,0,90,1
0,0,2,2,0,0,0,41.6,0,0,0,0,79,79,0,2,2769,0.0,12 Aug 15:00,0,0,4.2,1,0,31,5,24,0,0,0,3,False,3,0,0,3,1,13,0,0,0,2017-08-12T14:00:00Z,0,1,0,0,45,79,19,0,0.0,0,0,90,1
0,0,0,0,0,0,0,0.0,0,0,0,0,80,80,0,2,128417,0.0,12 Aug 15:00,0,0,0.0,0,0,0,5,0,0,0,0,3,False,0,0,0,3,0,0,0,0,0,2017-08-12T14:00:00Z,0,0,0,0,40,80,0,0,0.0,0,0,0,1
0,0,0,0,0,0,0,0.0,0,0,0,0,81,81,0,2,12113,0.0,12 Aug 15:00,0,0,0.0,0,0,0,5,0,0,0,0,3,False,0,0,0,3,0,0,0,0,0,2017-08-12T14:00:00Z,0,0,0,0,45,81,0,0,0.0,0,0,0,1
0,1,0,1,0,0,0,1.0,0,0,0,0,82,82,0,2,2730,0.3,12 Aug 15:00,0,0,0.1,0,0,3,5,1,0,0,0,3,False,0,0,0,3,0,1,0,0,0,2017-08-12T14:00:00Z,0,1,0,0,50,82,-1,0,0.0,0,0,15,1
0,0,0,0,0,0,0,0.0,0,0,0,0,83,83,0,2,864,0.0,12 Aug 15:00,0,0,0.0,0,0,0,5,0,0,0,0,3,False,0,0,0,3,0,0,0,0,0,2017-08-12T14:00:00Z,0,0,0,0,45,83,0,0,0.0,0,0,0,1
0,0,0,1,0,0,0,8.6,1,0,0,0,84,84,0,2,2820,14.8,12 Aug 15:00,0,0,2.3,2,0,13,5,6,0,0,0,3,False,1,0,0,3,1,1,0,0,0,2017-08-12T14:00:00Z,0,0,0,0,50,84,8,0,0.0,0,0,74,1
0,0,0,1,0,0,0,36.0,1,0,0,0,85,85,0,2,5875,15.7,12 Aug 15:00,0,0,5.2,5,0,32,5,30,0,0,0,3,False,7,0,1,3,1,7,0,0,0,2017-08-12T14:00:00Z,0,1,0,0,55,85,27,1,0.0,1,0,74,1
0,0,0,2,0,0,0,5.0,1,0,0,0,86,86,0,2,6261,16.6,12 Aug 15:00,0,0,2.2,2,0,27,5,26,0,0,0,3,False,3,0,0,3,0,6,0,0,0,2017-08-12T14:00:00Z,0,1,0,0,55,86,8,0,0.0,2,0,90,1
0,1,0,2,0,0,0,12.0,3,0,0,0,87,87,0,2,17382,52.1,12 Aug 15:00,0,0,8.1,1,0,16,5,11,3,0,0,3,False,2,0,0,3,2,3,0,0,0,2017-08-12T14:00:00Z,0,1,0,0,55,87,4,0,17.0,1,0,90,1
0,0,0,0,0,0,0,0.0,0,0,0,0,88,88,0,2,4739,0.0,12 Aug 15:00,0,0,0.0,0,0,0,5,0,0,0,0,3,False,0,0,0,3,0,0,0,0,0,2017-08-12T14:00:00Z,0,0,0,0,45,88,0,0,0.0,0,0,0,1
0,0,0,1,0,0,0,0.0,0,0,0,0,89,89,0,2,30768,0.3,12 Aug 15:00,0,0,0.0,1,0,4,5,2,0,0,0,3,False,0,0,0,3,0,0,0,0,0,2017-08-12T14:00:00Z,0,0,0,0,55,89,1,0,0.0,2,0,15,1
0,0,1,2,0,0,0,27.2,1,0,0,0,90,90,0,2,15784,12.7,12 Aug 15:00,0,0,4.0,5,0,39,5,33,0,0,0,3,False,1,0,1,3,0,2,0,0,0,2017-08-12T14:00:00Z,0,1,0,0,45,90,21,0,0.0,1,0,90,1
0,0,1,2,1,0,0,65.0,0,0,0,2,91,91,0,2,102551,0.7,12 Aug 15:00,3,0,10.8,13,0,15,5,3,1,0,0,3,False,0,0,0,3,0,1,0,1,0,2017-08-12T14:00:00Z,0,4,0,0,60,91,52,0,42.0,1,0,90,1
0,0,1,0,0,0,0,2.2,0,0,0,0,92,92,0,3,95817,2.9,12 Aug 12:30,0,0,0.5,1,0,5,10,5,0,0,0,7,True,0,0,0,3,0,0,0,0,0,2017-08-12T11:30:00Z,0,0,0,0,65,92,4,0,0.0,1,0,27,1
0,0,0,0,0,0,0,0.0,0,0,0,0,93,93,0,2,39759,0.0,12 Aug 15:00,0,0,0.0,0,0,0,5,0,0,0,0,3,False,0,0,0,3,0,0,0,0,0,2017-08-12T14:00:00Z,0,0,0,0,55,93,0,0,0.0,0,0,0,1
0,0,0,3,0,0,2,18.8,0,0,0,0,94,94,0,2,692468,0.0,12 Aug 15:00,0,0,1.9,1,0,32,4,18,0,0,0,3,True,7,0,0,3,0,0,0,0,0,2017-08-12T14:00:00Z,0,0,0,0,55,94,12,0,0.0,0,0,90,1
0,0,0,0,0,0,0,0.0,0,0,0,0,95,95,0,2,3527,0.0,12 Aug 15:00,0,0,0.0,0,0,0,4,0,0,0,0,3,True,0,0,0,3,0,0,0,0,0,2017-08-12T14:00:00Z,0,0,0,0,50,95,0,0,0.0,0,0,0,1
0,0,0,0,0,0,0,0.0,0,0,0,0,96,96,0,2,6172,0.0,12 Aug 15:00,0,0,0.0,0,0,0,4,0,0,0,0,3,True,0,0,0,3,0,0,0,0,0,2017-08-12T14:00:00Z,0,0,0,0,50,96,0,0,0.0,0,0,0,1
0,0,3,3,0,0,0,10.6,1,0,0,0,97,97,0,2,445163,20.3,12 Aug 15:00,0,0,3.7,1,0,57,4,51,0,0,0,3,True,4,0,0,3,0,3,0,0,0,2017-08-12T14:00:00Z,0,2,0,0,65,97,16,0,6.0,1,0,90,1
0,0,0,3,0,0,0,0.0,0,0,0,0,98,98,0,2,620439,0.4,12 Aug 15:00,0,0,0.0,-3,0,13,4,12,0,0,0,3,True,1,0,0,3,0,0,0,0,0,2017-08-12T14:00:00Z,0,1,1,0,65,98,-7,0,0.0,0,0,13,1
0,0,0,1,0,1,0,23.0,0,0,0,0,99,99,0,1,100008,1.7,12 Aug 15:00,0,0,2.5,2,0,27,7,19,0,0,0,5,False,4,0,0,0,0,10,0,0,0,2017-08-12T14:00:00Z,0,0,0,0,55,99,11,0,0.0,0,0,90,1
0,1,0,3,0,0,0,23.0,3,0,0,0,100,100,0,2,527736,38.0,12 Aug 15:00,0,0,12.1,0,0,35,4,32,1,0,0,3,True,4,0,0,3,1,5,0,0,0,2017-08-12T14:00:00Z,0,2,0,0,70,100,12,1,60.0,2,0,90,1
0,1,0,3,0,0,0,40.6,0,0,0,1,101,101,0,2,921507,1.8,12 Aug 15:00,0,0,6.4,6,0,44,4,39,2,0,0,3,True,5,0,0,3,0,8,0,0,0,2017-08-12T14:00:00Z,0,2,0,0,60,101,19,0,22.0,1,0,90,1
0,0,0,0,0,0,0,0.0,0,0,0,0,102,102,0,2,14003,0.0,12 Aug 15:00,0,0,0.0,0,0,0,4,0,0,0,0,3,True,0,0,0,3,0,0,0,0,0,2017-08-12T14:00:00Z,0,0,0,0,65,102,0,0,0.0,0,0,0,1
0,1,1,3,0,0,0,21.8,0,0,0,0,103,103,0,2,121610,2.0,12 Aug 15:00,0,0,3.3,0,0,72,4,65,1,0,0,3,True,1,0,0,3,0,9,0,0,0,2017-08-12T14:00:00Z,0,3,0,0,60,103,11,0,9.0,0,0,90,1
0,0,0,0,0,0,0,0.0,0,0,0,0,104,104,0,2,59180,0.0,12 Aug 15:00,0,0,0.0,0,0,0,4,0,0,0,0,3,True,0,0,0,3,0,0,0,0,0,2017-08-12T14:00:00Z,0,0,0,0,105,104,0,0,0.0,0,0,0,1
0,0,0,3,0,0,0,12.8,5,0,0,0,105,105,0,2,375528,67.8,12 Aug 15:00,0,0,8.3,-1,0,87,4,75,0,0,0,3,True,6,0,0,3,1,0,0,0,0,2017-08-12T14:00:00Z,0,3,1,0,70,105,7,1,2.0,0,0,80,1
0,0,2,3,0,0,0,29.0,2,0,0,0,106,106,0,2,690754,34.1,12 Aug 15:00,1,1,8.5,6,0,49,4,37,0,0,0,3,True,6,0,1,3,1,1,0,0,0,2017-08-12T14:00:00Z,0,1,0,0,70,106,29,2,22.0,1,0,90,1
0,0,0,0,0,0,0,17.0,0,0,0,0,107,107,0,4,688772,7.5,13 Aug 16:00,0,0,3.5,3,0,69,20,59,0,0,0,9,True,9,1,0,0,0,2,0,0,0,2017-08-13T15:00:00Z,0,2,0,0,50,107,17,7,10.0,2,0,90,1
0,0,2,3,0,0,0,20.8,1,0,0,0,108,108,0,0,483364,15.1,12 Aug 15:00,0,0,5.4,2,0,35,8,33,0,0,0,4,True,6,0,0,3,0,4,0,0,0,2017-08-12T14:00:00Z,0,0,0,0,45,108,20,5,18.0,6,0,90,1
0,0,0,0,0,0,0,0.0,0,0,0,0,109,109,0,2,140891,0.0,12 Aug 15:00,0,0,0.0,0,0,0,4,0,0,0,0,3,True,0,0,0,3,0,0,0,0,0,2017-08-12T14:00:00Z,0,0,0,0,80,109,0,0,0.0,0,0,0,1
0,0,0,0,0,0,0,0.0,0,0,0,0,110,110,0,2,2371,0.0,12 Aug 15:00,0,0,0.0,0,0,0,4,0,0,0,0,3,True,0,0,0,3,0,0,0,0,0,2017-08-12T14:00:00Z,0,0,0,0,50,110,0,0,0.0,0,0,0,1
0,0,2,3,0,0,0,12.8,1,0,0,0,111,111,0,2,657402,19.1,12 Aug 15:00,0,0,6.9,2,0,61,4,54,1,0,0,3,True,10,0,0,3,0,3,0,0,0,2017-08-12T14:00:00Z,0,0,0,0,50,111,17,0,37.0,1,0,90,1
0,0,0,3,0,0,0,4.0,0,0,0,0,112,112,0,3,87154,4.3,12 Aug 12:30,0,0,1.0,2,0,27,10,19,1,0,0,7,True,6,0,0,3,0,1,0,0,0,2017-08-12T11:30:00Z,0,0,0,0,45,112,7,0,2.0,0,0,90,1
0,0,0,3,0,0,0,2.2,0,0,0,0,113,113,0,2,72107,6.9,12 Aug 15:00,0,0,1.6,1,0,18,4,12,0,0,0,3,True,0,0,0,3,0,0,0,0,0,2017-08-12T14:00:00Z,0,0,0,0,85,113,1,0,7.0,2,0,58,1
0,0,0,0,0,0,0,0.0,0,0,0,0,114,114,0,2,70685,0.0,12 Aug 15:00,0,0,0.0,0,0,0,4,0,0,0,0,3,True,0,0,0,3,0,0,0,0,0,2017-08-12T14:00:00Z,0,0,0,0,100,114,0,0,0.0,0,0,0,1
0,0,0,3,0,0,4,22.8,0,0,0,0,115,115,0,0,67318,0.0,12 Aug 15:00,0,0,2.3,2,0,27,8,16,0,0,0,4,True,16,0,0,3,0,0,0,0,0,2017-08-12T14:00:00Z,0,0,0,0,45,115,19,0,0.0,0,0,90,1
0,0,0,0,0,0,0,0.0,0,0,0,0,116,116,0,0,99107,0.0,12 Aug 15:00,0,0,0.0,0,0,0,8,0,0,0,0,4,True,0,0,0,3,0,0,0,0,0,2017-08-12T14:00:00Z,0,0,0,0,40,116,0,0,0.0,0,0,0,1
0,0,0,1,0,0,0,0.6,0,0,0,0,117,117,0,0,67078,0.5,12 Aug 15:00,0,0,0.5,1,0,11,8,10,1,0,0,4,True,2,0,0,3,0,1,0,0,0,2017-08-12T14:00:00Z,0,0,0,0,45,117,2,0,4.0,0,0,12,1
0,0,1,3,0,0,0,11.8,0,0,0,0,118,118,0,0,55689,0.4,12 Aug 15:00,0,0,1.6,1,0,44,8,38,1,0,0,4,True,8,0,0,3,0,5,0,0,0,2017-08-12T14:00:00Z,0,0,0,0,50,118,18,3,4.0,0,0,90,1
0,0,6,3,0,0,0,15.2,0,0,0,0,119,119,1,0,25307,4.8,12 Aug 15:00,0,0,2.0,-1,0,26,8,18,0,0,0,4,True,7,0,0,3,1,4,0,0,0,2017-08-12T14:00:00Z,0,0,0,0,50,119,15,0,0.0,2,0,90,1
0,0,0,0,0,0,0,0.0,0,0,0,0,120,120,0,0,12549,0.0,12 Aug 15:00,0,0,0.0,0,0,0,8,0,0,0,0,4,True,0,0,0,3,0,0,0,0,0,2017-08-12T14:00:00Z,0,0,0,0,45,120,0,0,0.0,0,0,0,1
0,0,0,0,0,0,0,0.0,0,0,0,0,121,121,0,0,26732,0.0,12 Aug 15:00,0,0,0.0,0,0,0,8,0,0,0,0,4,True,0,0,0,3,0,0,0,0,0,2017-08-12T14:00:00Z,0,0,0,0,45,121,0,0,0.0,0,0,0,1
0,0,0,0,0,0,0,0.0,0,0,0,0,122,122,0,0,629,0.0,12 Aug 15:00,0,0,0.0,0,0,0,8,0,0,0,0,4,True,0,0,0,3,0,0,0,0,0,2017-08-12T14:00:00Z,0,0,0,0,45,122,0,0,0.0,0,0,0,1
0,0,0,0,0,0,0,0.0,0,0,0,0,123,123,0,0,15544,0.0,12 Aug 15:00,0,0,0.0,0,0,0,8,0,0,0,0,4,True,0,0,0,3,0,0,0,0,0,2017-08-12T14:00:00Z,0,0,0,0,50,123,0,0,0.0,0,0,0,1
0,0,2,3,0,0,0,17.8,4,0,0,0,124,124,0,0,170864,57.9,12 Aug 15:00,0,0,10.8,1,0,37,8,29,1,0,0,4,True,4,0,0,3,0,3,0,0,0,2017-08-12T14:00:00Z,0,5,0,0,55,124,12,2,32.0,2,0,90,1
0,1,0,3,0,0,0,8.4,0,0,0,0,125,125,0,0,62271,3.8,12 Aug 15:00,0,0,2.1,1,0,44,8,40,1,0,0,4,True,4,0,0,3,0,3,0,0,0,2017-08-12T14:00:00Z,0,1,0,0,50,125,6,0,9.0,3,0,90,1
0,0,0,3,0,0,0,12.0,1,0,0,0,126,126,0,0,1039751,12.5,12 Aug 15:00,0,0,7.1,2,0,19,8,12,1,0,0,4,True,3,0,0,3,0,0,0,0,0,2017-08-12T14:00:00Z,0,0,0,0,70,126,-1,4,46.0,9,1,90,1
0,0,0,0,0,0,0,0.0,0,0,0,0,127,127,0,0,219884,0.0,12 Aug 15:00,0,0,0.0,0,0,0,8,0,0,0,0,4,True,0,0,0,3,0,0,0,0,0,2017-08-12T14:00:00Z,0,0,0,0,45,127,0,0,0.0,0,0,0,1
0,0,0,0,0,0,0,0.0,0,0,0,0,128,128,0,0,4623,0.0,12 Aug 15:00,0,0,0.0,0,0,0,8,0,0,0,0,4,True,0,0,0,3,0,0,0,0,0,2017-08-12T14:00:00Z,0,0,0,0,45,128,0,0,0.0,0,0,0,1
0,0,0,0,0,0,0,0.0,0,0,0,0,129,129,0,0,21311,0.0,12 Aug 15:00,0,0,0.0,0,0,0,8,0,0,0,0,4,True,0,0,0,3,0,0,0,0,0,2017-08-12T14:00:00Z,0,0,0,0,55,129,0,0,0.0,0,0,0,1
0,0,0,0,0,0,0,0.0,0,0,0,0,130,130,0,0,3408,0.0,12 Aug 15:00,0,0,0.0,0,0,0,8,0,0,0,0,4,True,0,0,0,3,0,0,0,0,0,2017-08-12T14:00:00Z,0,0,0,0,50,130,0,0,0.0,0,0,0,1
0,0,2,1,0,0,0,8.2,2,0,0,0,131,131,0,0,117997,16.3,12 Aug 15:00,0,1,2.7,1,0,14,8,8,0,0,0,4,True,1,0,0,3,0,0,0,0,0,2017-08-12T14:00:00Z,0,0,0,0,60,131,13,3,2.0,2,0,45,1
0,0,0,2,0,0,0,3.8,0,0,0,0,132,132,0,0,60673,3.5,12 Aug 15:00,0,0,0.7,1,0,28,8,21,0,0,0,4,True,5,0,0,3,0,1,0,0,0,2017-08-12T14:00:00Z,0,0,0,0,50,132,4,1,0.0,1,0,45,1
0,0,0,0,0,0,0,0.0,0,0,0,0,133,133,0,0,1117,0.0,12 Aug 15:00,0,0,0.0,0,0,0,8,0,0,0,0,4,True,0,0,0,3,0,0,0,0,0,2017-08-12T14:00:00Z,0,0,0,0,55,133,0,0,0.0,0,0,0,1
0,0,0,3,0,0,0,0.0,0,0,0,0,134,134,0,0,420235,3.2,12 Aug 15:00,0,0,3.8,2,0,19,8,10,2,0,0,4,True,0,0,0,3,0,1,0,0,0,2017-08-12T14:00:00Z,0,1,0,0,80,134,-2,0,35.0,2,1,90,1
0,0,0,0,0,0,1,7.0,0,0,0,0,135,135,0,1,408612,0.0,12 Aug 15:00,0,0,0.7,6,0,29,15,13,0,0,0,5,True,7,1,0,0,0,5,0,0,0,2017-08-12T14:00:00Z,0,0,0,0,50,135,24,0,0.0,0,0,90,1
0,0,0,0,0,0,0,0.0,0,0,0,0,136,136,0,1,12979,0.0,12 Aug 15:00,0,0,0.0,0,0,0,15,0,0,0,0,5,True,0,0,0,0,0,0,0,0,0,2017-08-12T14:00:00Z,0,0,0,0,45,136,0,0,0.0,0,0,0,1
0,0,0,0,0,0,0,0.0,0,0,0,0,137,137,0,1,28828,0.0,12 Aug 15:00,0,0,0.0,0,0,0,15,0,0,0,0,5,True,0,0,0,0,0,0,0,0,0,2017-08-12T14:00:00Z,0,0,0,0,45,137,0,0,0.0,0,0,0,1
0,0,0,0,0,0,0,6.8,1,0,0,0,138,138,0,1,455490,11.5,12 Aug 15:00,0,0,1.8,6,0,28,15,18,0,0,0,5,True,2,1,0,0,0,3,0,0,0,2017-08-12T14:00:00Z,0,0,0,0,60,138,18,0,0.0,2,0,90,1
0,0,0,0,0,0,0,0.0,0,0,0,0,139,139,0,1,8554,0.0,12 Aug 15:00,0,0,0.0,0,0,0,15,0,0,0,0,5,True,0,0,0,0,0,0,0,0,0,2017-08-12T14:00:00Z,0,0,0,0,65,139,0,0,0.0,0,0,0,1
0,0,0,0,0,0,0,25.8,0,0,0,0,140,140,0,1,282207,1.2,12 Aug 15:00,1,0,3.3,7,0,65,15,48,0,0,0,5,True,3,1,0,0,0,10,0,0,0,2017-08-12T14:00:00Z,0,0,0,0,50,140,26,0,6.0,0,0,90,1
0,0,0,0,0,0,0,0.0,0,0,0,0,141,141,0,1,6005,0.0,12 Aug 15:00,0,0,0.0,0,0,0,15,0,0,0,0,5,True,0,0,0,0,0,0,0,0,0,2017-08-12T14:00:00Z,0,0,0,0,40,141,0,0,0.0,0,0,0,1
0,0,0,0,0,0,0,0.0,0,0,0,0,142,142,0,1,1050,0.0,12 Aug 15:00,0,0,0.0,0,0,0,15,0,0,0,0,5,True,0,0,0,0,0,0,0,0,0,2017-08-12T14:00:00Z,0,0,0,0,50,142,0,0,0.0,0,0,0,1
0,0,0,0,0,0,0,17.8,0,0,0,0,143,143,0,1,226751,0.1,12 Aug 15:00,0,0,1.8,1,0,35,15,35,0,0,0,5,True,0,0,0,0,0,7,0,0,0,2017-08-12T14:00:00Z,0,2,0,0,55,143,10,0,0.0,0,0,45,1
0,0,0,0,0,0,0,0.0,0,0,0,0,144,144,0,1,61326,0.0,12 Aug 15:00,0,0,0.0,0,0,0,15,0,0,0,0,5,True,0,0,0,0,0,0,0,0,0,2017-08-12T14:00:00Z,0,0,0,0,45,144,0,0,0.0,0,0,0,1
0,0,0,0,0,0,0,0.0,0,0,0,0,145,145,0,1,5799,0.0,12 Aug 15:00,0,0,0.0,0,0,0,15,0,0,0,0,5,True,0,0,0,0,0,0,0,0,0,2017-08-12T14:00:00Z,0,0,0,0,45,145,0,0,0.0,0,0,0,1
0,0,1,0,0,0,0,33.4,0,0,0,0,146,146,0,1,483590,4.4,12 Aug 15:00,2,0,4.0,8,0,66,15,56,0,0,0,5,True,4,1,0,0,1,12,0,0,0,2017-08-12T14:00:00Z,0,0,0,0,55,146,31,0,2.0,1,0,90,1
0,0,0,0,0,0,0,0.0,0,0,0,0,147,147,0,1,4207,0.0,12 Aug 15:00,0,0,0.0,0,0,0,15,0,0,0,0,5,True,0,0,0,0,0,0,0,0,0,2017-08-12T14:00:00Z,0,0,0,0,65,147,0,0,0.0,0,0,0,1
0,0,1,0,0,0,0,4.2,0,0,0,0,148,148,0,1,132889,0.8,12 Aug 15:00,0,0,1.1,1,0,5,15,4,0,0,0,5,True,1,0,0,0,0,2,0,0,0,2017-08-12T14:00:00Z,0,0,0,0,65,148,6,0,6.0,0,0,13,1
0,0,0,0,0,0,0,0.0,0,0,0,0,149,149,0,1,11234,0.0,12 Aug 15:00,0,0,0.0,0,0,0,15,0,0,0,0,5,True,0,0,0,0,0,0,0,0,0,2017-08-12T14:00:00Z,0,0,0,0,75,149,0,0,0.0,0,0,0,1
0,0,0,0,0,0,0,0.0,0,0,0,0,150,150,0,1,2348,0.0,12 Aug 15:00,0,0,0.0,0,0,0,15,0,0,0,0,5,True,0,0,0,0,0,0,0,0,0,2017-08-12T14:00:00Z,0,0,0,0,50,150,0,0,0.0,0,0,0,1
0,0,0,0,0,0,0,0.0,0,0,0,0,151,151,0,1,93466,0.0,12 Aug 15:00,0,0,0.0,0,0,0,15,0,0,0,0,5,True,0,0,0,0,0,0,0,0,0,2017-08-12T14:00:00Z,0,0,0,0,45,151,0,0,0.0,0,0,0,1
0,0,0,0,0,0,0,0.0,0,0,0,0,152,152,0,1,7473,0.0,12 Aug 15:00,0,0,0.0,0,0,0,15,0,0,0,0,5,True,0,0,0,0,0,0,0,0,0,2017-08-12T14:00:00Z,0,0,0,0,45,152,0,0,0.0,0,0,0,1
0,0,0,0,0,0,0,0.0,0,0,0,0,153,153,0,1,4681,0.0,12 Aug 15:00,0,0,0.0,0,0,0,15,0,0,0,0,5,True,0,0,0,0,0,0,0,0,0,2017-08-12T14:00:00Z,0,0,0,0,55,153,0,0,0.0,0,0,0,1
0,0,2,0,0,0,0,20.0,0,0,0,0,154,154,0,1,41115,2.3,12 Aug 15:00,0,0,2.4,3,0,55,15,48,0,0,0,5,True,7,1,0,0,0,7,0,0,0,2017-08-12T14:00:00Z,0,2,0,0,50,154,17,0,2.0,0,0,90,1
0,0,3,0,0,0,0,21.6,0,0,0,0,155,155,0,1,51661,4.3,12 Aug 15:00,0,0,3.4,3,0,65,15,56,1,0,0,5,True,4,1,0,0,0,7,0,0,0,2017-08-12T14:00:00Z,0,1,0,0,50,155,17,0,8.0,1,0,90,1
0,0,0,0,0,0,0,2.0,0,0,0,0,156,156,0,1,40187,1.5,12 Aug 15:00,0,0,0.4,1,0,14,15,10,0,0,0,5,True,2,0,0,0,0,1,0,0,0,2017-08-12T14:00:00Z,0,1,0,0,55,156,1,0,0.0,1,0,30,1
0,0,0,0,0,0,0,0.0,0,0,0,0,157,157,0,1,8034,0.0,12 Aug 15:00,0,0,0.0,0,0,0,15,0,0,0,0,5,True,0,0,0,0,0,0,0,0,0,2017-08-12T14:00:00Z,0,0,0,0,55,157,0,0,0.0,0,0,0,1
0,0,1,0,0,0,0,6.0,1,0,0,0,158,158,0,1,84202,14.1,12 Aug 15:00,0,0,3.7,1,0,21,15,19,0,0,0,5,True,3,0,0,0,0,0,0,1,0,2017-08-12T14:00:00Z,0,2,0,0,75,158,4,0,17.0,0,0,59,1
0,0,0,0,0,0,0,24.8,2,0,0,0,159,159,0,1,17219,27.7,12 Aug 15:00,0,1,9.4,5,0,17,15,14,1,0,0,5,True,4,1,1,0,1,2,0,1,0,2017-08-12T14:00:00Z,0,1,0,0,50,159,18,0,41.0,2,0,90,1
0,0,0,0,0,0,0,0.0,0,0,0,0,160,160,0,1,77226,2.8,12 Aug 15:00,0,0,2.1,2,0,21,15,13,1,0,0,5,True,2,1,0,0,0,0,0,0,0,2017-08-12T14:00:00Z,0,1,0,0,75,160,2,0,19.0,2,0,76,1
0,0,1,0,1,0,0,45.8,2,0,0,1,161,161,0,1,604383,39.6,12 Aug 15:00,3,0,10.6,9,0,52,15,43,0,0,0,5,True,5,1,0,0,1,3,0,0,0,2017-08-12T14:00:00Z,0,2,0,0,75,161,37,0,21.0,5,0,90,1
0,0,0,0,0,0,0,0.0,0,0,0,0,162,162,0,0,85198,0.0,12 Aug 15:00,0,0,0.0,0,0,0,6,0,0,0,0,4,False,0,0,0,3,0,0,0,0,0,2017-08-12T14:00:00Z,0,0,0,0,40,162,0,0,0.0,0,0,0,1
0,0,0,0,0,0,4,29.8,0,0,0,0,163,163,0,0,10469,0.0,12 Aug 15:00,2,0,3.0,9,0,31,6,15,0,0,0,4,False,16,1,0,3,0,0,0,0,0,2017-08-12T14:00:00Z,0,0,0,0,45,163,31,0,0.0,0,0,90,1
0,0,3,0,0,0,0,12.8,0,0,0,0,164,164,0,0,20491,10.3,12 Aug 15:00,0,0,2.5,6,0,13,6,11,0,0,0,4,False,2,1,0,3,0,4,0,0,0,2017-08-12T14:00:00Z,0,3,0,0,45,164,23,0,2.0,0,0,90,1
0,0,0,0,0,0,0,17.6,0,0,0,0,165,165,0,0,25608,1.3,12 Aug 15:00,0,0,2.6,6,0,25,6,16,0,0,0,4,False,1,1,0,3,0,2,0,0,0,2017-08-12T14:00:00Z,0,1,0,0,45,165,16,0,7.0,2,0,90,1
0,1,2,0,0,0,0,6.4,1,0,0,0,166,166,0,0,23205,10.8,12 Aug 15:00,0,0,1.9,0,0,12,6,5,0,0,0,4,False,2,0,0,3,0,3,0,0,0,2017-08-12T14:00:00Z,0,5,0,0,50,166,2,1,2.0,0,0,56,1
0,0,0,0,0,0,0,0.0,0,0,0,0,167,167,0,0,7531,0.0,12 Aug 15:00,0,0,0.0,0,0,0,6,0,0,0,0,4,False,0,0,0,3,0,0,0,0,0,2017-08-12T14:00:00Z,0,0,0,0,45,167,0,0,0.0,0,0,0,1
0,0,0,0,0,0,0,0.0,0,0,0,0,168,168,0,0,9463,0.0,12 Aug 15:00,0,0,0.0,0,0,0,6,0,0,0,0,4,False,0,0,0,3,0,0,0,0,0,2017-08-12T14:00:00Z,0,0,0,0,40,168,0,0,0.0,0,0,0,1
0,0,0,0,0,0,0,0.0,0,0,0,0,169,169,0,0,5219,0.0,12 Aug 15:00,0,0,0.0,0,0,0,6,0,0,0,0,4,False,0,0,0,3,0,0,0,0,0,2017-08-12T14:00:00Z,0,0,0,0,40,169,0,0,0.0,0,0,0,1
0,0,0,0,0,0,0,0.0,0,0,0,0,170,170,0,0,22798,0.0,12 Aug 15:00,0,0,0.0,0,0,0,6,0,0,0,0,4,False,0,0,0,3,0,0,0,0,0,2017-08-12T14:00:00Z,0,0,0,0,40,170,0,0,0.0,0,0,0,1
0,0,0,0,0,0,0,14.4,0,0,0,0,171,171,0,0,5958,0.2,12 Aug 15:00,1,0,2.6,10,0,36,6,18,1,0,0,4,False,2,1,1,3,0,8,0,0,0,2017-08-12T14:00:00Z,0,1,0,0,45,171,29,0,11.0,0,0,90,1
0,0,0,0,0,0,0,40.2,3,0,0,0,172,172,0,0,59955,46.9,12 Aug 15:00,0,0,8.7,6,0,52,6,41,0,0,0,4,False,5,1,1,3,1,5,0,0,0,2017-08-12T14:00:00Z,0,0,0,0,55,172,22,0,0.0,2,0,90,1
0,0,0,0,0,0,0,0.0,0,0,0,0,173,173,0,0,7333,0.5,12 Aug 15:00,0,0,0.0,1,0,2,6,1,0,0,0,4,False,0,0,0,3,0,0,0,0,0,2017-08-12T14:00:00Z,0,1,0,0,50,173,0,0,0.0,2,0,4,1
0,0,0,0,0,0,0,0.0,0,0,0,0,174,174,0,0,1719,0.0,12 Aug 15:00,0,0,0.0,0,0,0,6,0,0,0,0,4,False,0,0,0,3,0,0,0,0,0,2017-08-12T14:00:00Z,0,0,0,0,45,174,0,0,0.0,0,0,0,1
0,0,1,0,0,0,0,19.8,0,0,0,0,175,175,0,0,6525,2.9,12 Aug 15:00,0,0,3.0,3,0,52,6,38,0,0,0,4,False,8,1,0,3,0,7,0,0,0,2017-08-12T14:00:00Z,0,0,0,0,45,175,14,0,7.0,1,0,90,1
0,0,0,0,0,0,0,0.0,0,0,0,0,176,176,0,0,2543,0.0,12 Aug 15:00,0,0,0.0,0,0,0,6,0,0,0,0,4,False,0,0,0,3,0,0,0,0,0,2017-08-12T14:00:00Z,0,0,0,0,45,176,0,0,0.0,0,0,0,1
0,0,0,0,0,0,0,0.0,0,0,0,0,177,177,0,0,614,0.0,12 Aug 15:00,0,0,0.0,0,0,0,6,0,0,0,0,4,False,0,0,0,3,0,0,0,0,0,2017-08-12T14:00:00Z,0,0,0,0,45,177,0,0,0.0,0,0,0,1
0,0,0,0,0,0,0,0.0,0,0,0,0,178,178,0,0,4561,0.0,12 Aug 15:00,0,0,0.0,0,0,0,6,0,0,0,0,4,False,0,0,0,3,0,0,0,0,0,2017-08-12T14:00:00Z,0,0,0,0,45,178,0,0,0.0,0,0,0,1
0,0,0,0,0,0,0,0.0,0,0,0,0,179,179,0,0,816,0.0,12 Aug 15:00,0,0,0.0,0,0,0,6,0,0,0,0,4,False,0,0,0,3,0,0,0,0,0,2017-08-12T14:00:00Z,0,0,0,0,45,179,0,0,0.0,0,0,0,1
0,0,0,0,0,0,0,0.0,0,0,0,0,180,180,0,0,3336,0.0,12 Aug 15:00,0,0,0.0,0,0,0,6,0,0,0,0,4,False,0,0,0,3,0,0,0,0,0,2017-08-12T14:00:00Z,0,0,0,0,45,180,0,0,0.0,0,0,0,1
0,0,4,0,0,0,0,16.4,0,0,0,0,181,181,0,0,13170,1.9,12 Aug 15:00,0,0,2.2,3,0,10,6,8,0,0,0,4,False,3,1,0,3,0,1,0,0,0,2017-08-12T14:00:00Z,0,2,0,0,60,181,10,0,4.0,3,0,90,1
0,0,0,0,0,0,0,11.4,0,0,0,0,182,182,0,0,70654,1.2,12 Aug 15:00,0,0,3.8,3,0,16,6,8,0,0,0,4,False,6,1,0,3,0,1,0,0,0,2017-08-12T14:00:00Z,0,2,0,0,60,182,2,1,25.0,5,0,90,1
0,1,0,0,0,0,0,3.6,0,0,0,0,183,183,0,0,4071,6.3,12 Aug 15:00,0,0,1.7,2,0,12,6,7,0,0,0,4,False,1,1,0,3,0,0,0,0,0,2017-08-12T14:00:00Z,0,2,0,0,55,183,-2,1,7.0,4,0,71,1
0,0,1,0,0,0,0,6.4,0,0,0,0,184,184,0,0,3293,0.8,12 Aug 15:00,0,0,0.7,1,0,11,6,8,0,0,0,4,False,0,0,0,3,0,1,0,0,0,2017-08-12T14:00:00Z,0,1,0,0,50,184,4,0,0.0,0,0,33,1
0,0,0,0,0,0,0,0.0,0,0,0,0,185,185,0,0,3137,0.0,12 Aug 15:00,0,0,0.0,0,0,0,6,0,0,0,0,4,False,0,0,0,3,0,0,0,0,0,2017-08-12T14:00:00Z,0,0,0,0,50,185,0,0,0.0,0,0,0,1
0,0,0,0,0,0,0,20.2,1,0,0,0,186,186,0,0,142160,10.6,12 Aug 15:00,0,0,3.3,4,0,5,6,4,0,0,0,4,False,1,0,1,3,0,1,0,0,0,2017-08-12T14:00:00Z,0,0,0,0,45,186,14,1,2.0,0,0,18,1
0,0,0,0,0,0,0,0.0,0,0,0,0,187,187,0,0,8090,0.0,12 Aug 15:00,0,0,0.0,0,0,0,6,0,0,0,0,4,False,0,0,0,3,0,0,0,0,0,2017-08-12T14:00:00Z,0,0,0,0,55,187,0,0,0.0,0,0,0,1
0,1,0,0,0,0,0,71.6,0,0,0,2,188,188,0,0,27779,4.3,12 Aug 15:00,3,0,11.6,12,0,26,6,13,1,0,0,4,False,2,1,0,3,0,5,0,2,0,2017-08-12T14:00:00Z,0,1,0,0,60,188,46,1,40.0,4,0,85,1
0,0,0,4,0,0,6,39.2,0,0,0,0,189,189,0,4,103260,0.0,11 Aug 19:45,0,0,3.9,2,0,36,1,16,0,0,0,1,False,6,0,0,3,0,1,0,0,0,2017-08-11T18:45:00Z,0,0,0,0,50,189,20,0,0.0,0,0,90,1
0,0,0,0,0,0,0,0.0,0,0,0,0,190,190,0,4,2368,0.0,11 Aug 19:45,0,0,0.0,0,0,0,1,0,0,0,0,1,False,0,0,0,3,0,0,0,0,0,2017-08-11T18:45:00Z,0,0,0,0,45,190,0,0,0.0,0,0,0,1
0,1,0,4,0,0,0,13.8,0,0,0,0,191,191,0,4,143971,0.6,11 Aug 19:45,0,0,1.4,-1,0,16,1,12,0,0,0,1,False,2,0,0,3,0,7,0,0,0,2017-08-11T18:45:00Z,0,4,0,0,45,191,3,1,0.0,0,0,90,1
0,0,0,4,0,0,0,19.6,1,0,0,0,192,192,0,4,167677,16.0,11 Aug 19:45,0,0,3.6,0,0,29,1,17,0,0,0,1,False,4,0,0,3,1,5,0,0,0,2017-08-11T18:45:00Z,0,0,0,0,50,192,9,0,0.0,2,0,90,1
0,0,0,4,0,0,0,14.0,0,0,0,0,193,193,0,4,230727,0.9,11 Aug 19:45,0,0,1.5,0,0,28,1,16,0,0,0,1,False,7,0,0,3,0,5,0,0,0,2017-08-11T18:45:00Z,0,0,0,0,45,193,10,1,0.0,1,0,90,1
0,0,0,0,0,0,0,0.0,0,0,0,0,194,194,0,4,4887,0.0,11 Aug 19:45,0,0,0.0,0,0,0,1,0,0,0,0,1,False,0,0,0,3,0,0,0,0,0,2017-08-11T18:45:00Z,0,0,0,0,50,194,0,0,0.0,0,0,0,1
0,0,0,0,0,0,0,0.0,0,0,0,0,195,195,0,4,3287,0.0,11 Aug 19:45,0,0,0.0,0,0,0,1,0,0,0,0,1,False,0,0,0,3,0,0,0,0,0,2017-08-11T18:45:00Z,0,0,0,0,45,195,0,0,0.0,0,0,0,1
0,0,0,0,0,0,0,0.0,0,0,0,0,196,196,0,4,21829,0.0,11 Aug 19:45,0,0,0.0,0,0,0,1,0,0,0,0,1,False,0,0,0,3,0,0,0,0,0,2017-08-11T18:45:00Z,0,0,0,0,45,196,0,0,0.0,0,0,0,1
0,0,0,0,0,0,0,0.0,0,0,0,0,197,197,0,4,570,0.0,11 Aug 19:45,0,0,0.0,0,0,0,1,0,0,0,0,1,False,0,0,0,3,0,0,0,0,0,2017-08-11T18:45:00Z,0,0,0,0,45,197,0,0,0.0,0,0,0,1
0,0,2,4,0,0,0,46.4,1,0,0,0,198,198,0,4,53600,11.0,11 Aug 19:45,0,0,6.3,3,0,26,1,17,0,0,0,1,False,4,0,1,3,0,8,0,0,0,2017-08-11T18:45:00Z,0,1,0,0,50,198,22,0,6.0,2,0,90,1
0,0,0,4,0,0,0,23.0,1,0,0,0,199,199,0,4,79107,23.4,11 Aug 19:45,0,0,5.3,5,0,30,1,23,2,0,0,1,False,6,0,1,3,0,1,0,2,0,2017-08-11T18:45:00Z,0,0,0,0,85,199,10,2,7.0,8,0,90,1
0,0,0,4,0,0,0,31.0,1,0,0,0,200,200,0,4,45539,20.2,11 Aug 19:45,0,1,5.3,5,0,18,1,14,0,0,0,1,False,5,0,1,3,2,3,0,0,0,2017-08-11T18:45:00Z,0,0,0,0,55,200,20,0,2.0,3,0,87,1
0,0,0,0,0,0,0,0.0,0,0,0,0,201,201,0,4,33071,0.0,11 Aug 19:45,0,0,0.0,0,0,0,1,0,0,0,0,1,False,0,0,0,3,0,0,0,0,0,2017-08-11T18:45:00Z,0,0,0,0,45,201,0,0,0.0,0,0,0,1
0,0,0,0,0,0,0,0.0,0,0,0,0,202,202,0,4,13593,0.0,11 Aug 19:45,0,0,0.0,0,0,0,1,0,0,0,0,1,False,0,0,0,3,0,0,0,0,0,2017-08-11T18:45:00Z,0,0,0,0,50,202,0,0,0.0,0,0,0,1
0,0,0,0,0,0,0,0.0,0,0,0,0,203,203,0,4,33410,0.3,11 Aug 19:45,0,0,0.0,1,0,3,1,1,0,0,0,1,False,0,0,0,3,0,0,0,0,0,2017-08-11T18:45:00Z,0,0,0,0,55,203,3,0,0.0,0,0,2,1
0,0,0,2,0,0,0,5.4,0,0,0,0,204,204,0,4,10847,0.3,11 Aug 19:45,0,0,0.6,1,0,7,1,5,0,0,0,1,False,1,0,0,3,0,1,0,0,0,2017-08-11T18:45:00Z,0,1,0,0,45,204,2,0,0.0,0,0,18,1
0,0,0,0,0,0,0,0.0,0,0,0,0,205,205,0,4,2968,0.0,11 Aug 19:45,0,0,0.0,0,0,0,1,0,0,0,0,1,False,0,0,0,3,0,0,0,0,0,2017-08-11T18:45:00Z,0,0,0,0,45,205,0,0,0.0,0,0,0,1
0,0,1,4,0,0,0,19.8,0,0,0,0,206,206,0,4,18763,1.0,11 Aug 19:45,0,0,2.1,2,0,21,1,13,0,0,0,1,False,6,0,0,3,0,6,0,0,0,2017-08-11T18:45:00Z,0,0,0,0,50,206,10,0,0.0,3,0,90,1
0,0,0,0,0,0,0,0.0,0,0,0,0,207,207,0,4,35587,0.0,11 Aug 19:45,0,0,0.0,0,0,0,1,0,0,0,0,1,False,0,0,0,3,0,0,0,0,0,2017-08-11T18:45:00Z,0,0,0,0,65,207,0,0,0.0,0,0,0,1
0,0,0,0,0,0,0,0.0,0,0,0,0,208,208,0,4,9263,0.0,11 Aug 19:45,0,0,0.0,0,0,0,1,0,0,0,0,1,False,0,0,0,3,0,0,0,0,0,2017-08-11T18:45:00Z,0,0,0,0,60,208,0,0,0.0,0,0,0,1
0,0,1,4,0,0,0,68.4,0,0,0,2,209,209,0,4,194195,4.9,11 Aug 19:45,3,0,14.1,13,0,11,1,9,0,0,0,1,False,4,0,0,3,0,0,0,1,0,2017-08-11T18:45:00Z,0,0,0,0,85,209,55,0,68.0,1,0,90,1
0,0,0,0,0,0,0,0.0,0,0,0,0,210,210,0,4,10072,0.0,11 Aug 19:45,0,0,0.0,0,0,0,1,0,0,0,0,1,False,0,0,0,3,0,0,0,0,0,2017-08-11T18:45:00Z,0,0,0,0,50,210,0,0,0.0,0,0,0,1
0,0,0,2,0,0,0,29.6,0,0,0,1,211,211,0,4,42847,3.8,11 Aug 19:45,0,0,7.0,6,0,20,1,10,1,0,0,1,False,4,0,0,3,0,0,0,0,0,2017-08-11T18:45:00Z,0,3,0,0,55,211,24,0,37.0,3,0,71,1
0,0,0,0,0,0,0,0.0,0,0,0,0,212,212,0,4,15744,0.0,11 Aug 19:45,0,0,0.0,0,0,0,1,0,0,0,0,1,False,0,0,0,3,0,0,0,0,0,2017-08-11T18:45:00Z,0,0,0,0,70,212,0,0,0.0,0,0,0,1
0,1,0,3,0,0,1,6.4,0,0,0,0,213,213,0,3,69381,0.0,12 Aug 12:30,0,0,0.6,0,0,34,18,21,0,0,0,7,False,12,0,0,3,0,1,0,0,0,2017-08-12T11:30:00Z,0,0,0,0,50,213,9,0,0.0,0,0,90,1
0,0,0,0,0,0,0,0.0,0,0,0,0,214,214,0,3,6473,0.0,12 Aug 12:30,0,0,0.0,0,0,0,18,0,0,0,0,7,False,0,0,0,3,0,0,0,0,0,2017-08-12T11:30:00Z,0,0,0,0,50,214,0,0,0.0,0,0,0,1
0,0,1,3,0,0,0,28.8,1,0,0,0,215,215,0,3,80102,10.3,12 Aug 12:30,0,0,5.6,1,0,68,18,56,0,0,0,7,False,3,0,0,3,0,7,0,0,0,2017-08-12T11:30:00Z,0,0,0,0,55,215,17,0,17.0,0,0,90,1
0,0,1,3,0,0,0,26.8,1,0,0,0,216,216,0,3,65856,12.8,12 Aug 12:30,0,0,4.7,1,0,44,18,35,0,0,0,7,False,2,0,0,3,0,5,0,0,0,2017-08-12T11:30:00Z,0,1,0,0,45,216,14,2,7.0,0,0,90,1
0,0,0,0,0,0,0,0.0,0,0,0,0,217,217,0,3,35830,0.0,12 Aug 12:30,0,0,0.0,0,0,0,18,0,0,0,0,7,False,0,0,0,3,0,0,0,0,0,2017-08-12T11:30:00Z,0,0,0,0,55,217,0,0,0.0,0,0,0,1
0,0,0,1,0,0,0,3.2,1,0,0,0,218,218,0,3,14230,14.1,12 Aug 12:30,0,0,1.7,1,0,2,18,1,0,0,0,7,False,0,0,0,3,1,0,0,0,0,2017-08-12T11:30:00Z,0,1,0,0,45,218,4,0,0.0,0,0,1,1
0,0,1,3,0,0,0,17.6,0,0,0,0,219,219,0,3,118699,0.6,12 Aug 12:30,0,0,2.9,1,0,57,18,47,1,0,0,7,False,8,0,0,3,0,8,0,0,0,2017-08-12T11:30:00Z,0,0,0,0,55,219,17,0,11.0,0,0,90,1
0,0,0,0,0,0,0,0.0,0,0,0,0,220,220,0,3,19836,0.0,12 Aug 12:30,0,0,0.0,0,0,0,18,0,0,0,0,7,False,0,0,0,3,0,0,0,0,0,2017-08-12T11:30:00Z,0,0,0,0,45,220,0,0,0.0,0,0,0,1
0,0,0,0,0,0,0,0.0,0,0,0,0,221,221,0,3,3493,0.0,12 Aug 12:30,0,0,0.0,0,0,0,18,0,0,0,0,7,False,0,0,0,3,0,0,0,0,0,2017-08-12T11:30:00Z,0,0,0,0,50,221,0,0,0.0,0,0,0,1
0,0,1,1,0,0,0,2.0,0,0,0,0,222,222,0,3,291610,0.3,12 Aug 12:30,0,0,0.2,1,0,4,18,1,0,0,0,7,False,0,0,0,3,0,0,0,0,0,2017-08-12T11:30:00Z,0,0,0,0,65,222,5,0,0.0,0,0,4,1
0,1,0,2,0,0,0,19.8,2,0,0,0,223,223,0,3,105135,30.3,12 Aug 12:30,0,0,5.2,0,0,40,18,29,0,0,0,7,False,3,0,0,3,0,7,0,0,0,2017-08-12T11:30:00Z,0,1,0,0,45,223,9,0,2.0,1,0,90,1
0,0,0,0,0,0,0,0.0,0,0,0,0,224,224,0,3,1491,0.0,12 Aug 12:30,0,0,0.0,0,0,0,18,0,0,0,0,7,False,0,0,0,3,0,0,0,0,0,2017-08-12T11:30:00Z,0,0,0,0,45,224,0,0,0.0,0,0,0,1
0,0,2,3,0,0,0,11.4,1,0,0,0,225,225,0,3,46946,14.6,12 Aug 12:30,0,0,2.6,2,0,68,18,47,0,0,0,7,False,9,0,0,3,0,0,0,0,0,2017-08-12T11:30:00Z,0,0,0,0,55,225,13,0,0.0,1,0,90,1
0,0,0,0,0,0,0,0.0,0,0,0,0,226,226,0,3,265913,0.0,12 Aug 12:30,0,0,0.0,0,0,0,18,0,0,0,0,7,False,0,0,0,3,0,0,0,0,0,2017-08-12T11:30:00Z,0,0,0,0,90,226,0,0,0.0,0,0,0,1
0,0,3,3,0,0,0,27.0,1,0,0,0,227,227,0,3,273154,17.4,12 Aug 12:30,0,0,4.6,5,0,41,18,33,0,0,0,7,False,4,0,1,3,0,2,0,0,0,2017-08-12T11:30:00Z,0,3,0,0,50,227,24,0,2.0,1,0,90,1
0,0,0,0,0,0,0,0.0,0,0,0,0,228,228,0,3,45019,0.0,12 Aug 12:30,0,0,0.0,0,0,0,18,0,0,0,0,7,False,0,0,0,3,0,0,0,0,0,2017-08-12T11:30:00Z,0,0,0,0,75,228,0,0,0.0,0,0,0,1
0,0,0,0,0,0,0,0.0,0,0,0,0,229,229,0,3,1876,0.0,12 Aug 12:30,0,0,0.0,0,0,0,18,0,0,0,0,7,False,0,0,0,3,0,0,0,0,0,2017-08-12T11:30:00Z,0,0,0,0,50,229,0,0,0.0,0,0,0,1
0,1,1,3,0,0,0,36.8,2,0,0,1,230,230,0,3,897388,28.1,12 Aug 12:30,0,0,9.2,6,0,29,18,20,1,0,0,7,False,3,0,0,3,0,0,0,0,0,2017-08-12T11:30:00Z,0,1,0,0,95,230,18,0,27.0,6,0,90,1
0,0,0,0,0,0,0,0.0,0,0,0,0,231,231,0,3,8123,0.0,12 Aug 12:30,0,0,0.0,0,0,0,18,0,0,0,0,7,False,0,0,0,3,0,0,0,0,0,2017-08-12T11:30:00Z,0,0,0,0,45,231,0,0,0.0,0,0,0,1
0,0,0,3,0,0,0,8.0,1,0,0,0,232,232,0,3,295522,14.4,12 Aug 12:30,0,0,4.4,2,0,39,18,28,1,0,0,7,False,3,0,0,3,0,2,0,0,0,2017-08-12T11:30:00Z,0,0,0,0,70,232,9,0,22.0,1,0,90,1
0,0,0,0,0,0,0,0.0,0,0,0,0,233,233,0,3,9101,0.0,12 Aug 12:30,0,0,0.0,0,0,0,18,0,0,0,0,7,False,0,0,0,3,0,0,0,0,0,2017-08-12T11:30:00Z,0,0,0,0,45,233,0,0,0.0,0,0,0,1
0,0,0,2,0,0,0,24.6,0,0,0,1,234,234,0,3,874608,2.8,12 Aug 12:30,1,0,8.2,11,0,18,18,14,4,0,0,7,False,5,0,1,3,0,0,0,1,0,2017-08-12T11:30:00Z,0,1,0,0,90,234,26,1,55.0,3,0,85,1
0,0,0,2,0,0,0,56.0,2,0,0,1,235,235,0,3,868769,27.5,12 Aug 12:30,3,1,10.7,12,0,30,18,19,1,0,0,7,False,3,0,1,3,0,1,0,0,0,2017-08-12T11:30:00Z,0,0,0,0,85,235,42,3,23.0,5,0,80,1
0,0,0,0,0,0,0,0.0,0,0,0,0,236,236,0,3,30609,0.0,12 Aug 12:30,0,0,0.0,0,0,0,18,0,0,0,0,7,False,0,0,0,3,0,0,0,0,0,2017-08-12T11:30:00Z,0,0,0,0,80,236,0,0,0.0,0,0,0,1
0,0,0,0,0,0,0,0.0,0,0,0,0,237,237,0,3,2970,0.0,12 Aug 12:30,0,0,0.0,0,0,0,18,0,0,0,0,7,False,0,0,0,3,0,0,0,0,0,2017-08-12T11:30:00Z,0,0,0,0,55,237,0,0,0.0,0,0,0,1
0,0,0,1,0,0,0,0.0,0,0,0,0,238,238,0,3,26128,0.0,12 Aug 12:30,0,0,0.0,1,0,2,18,1,0,0,0,7,False,0,0,0,3,0,0,0,0,0,2017-08-12T11:30:00Z,0,0,0,0,75,238,3,0,0.0,0,0,9,1
0,0,0,0,0,0,0,0.0,0,0,0,0,239,239,0,3,151051,0.0,12 Aug 12:30,0,0,0.0,0,0,0,18,0,0,0,0,7,False,0,0,0,3,0,0,0,0,0,2017-08-12T11:30:00Z,0,0,0,0,50,239,0,0,0.0,0,0,0,1
0,0,0,0,0,1,2,14.8,0,0,0,0,240,240,0,0,163725,0.0,12 Aug 17:30,0,0,1.5,6,0,17,3,13,0,0,0,2,False,9,1,0,2,0,1,0,0,0,2017-08-12T16:30:00Z,0,0,0,0,55,240,24,0,0.0,0,0,90,1
0,0,0,0,0,0,0,0.0,0,0,0,0,241,241,0,0,34470,0.0,12 Aug 17:30,0,0,0.0,0,0,0,3,0,0,0,0,2,False,0,0,0,2,0,0,0,0,0,2017-08-12T16:30:00Z,0,0,0,0,50,241,0,0,0.0,0,0,0,1
0,0,0,0,0,0,0,16.6,0,0,0,0,242,242,0,0,193659,5.6,12 Aug 17:30,0,0,2.2,6,0,98,3,95,0,0,0,2,False,2,1,0,2,0,2,0,0,0,2017-08-12T16:30:00Z,0,1,0,0,55,242,24,0,0.0,0,0,90,1
0,0,0,0,0,0,0,0.0,0,0,0,0,243,243,0,0,3031,0.0,12 Aug 17:30,0,0,0.0,0,0,0,3,0,0,0,0,2,False,0,0,0,2,0,0,0,0,0,2017-08-12T16:30:00Z,0,0,0,0,55,243,0,0,0.0,0,0,0,1
0,0,0,0,0,0,0,23.4,0,0,0,0,244,244,0,0,220819,3.7,12 Aug 17:30,0,0,2.7,6,0,88,3,79,0,0,0,2,False,3,1,0,2,0,5,0,0,0,2017-08-12T16:30:00Z,0,0,0,0,60,244,25,0,0.0,0,0,90,1
0,0,1,0,0,0,0,18.6,0,0,0,0,245,245,0,0,146658,5.6,12 Aug 17:30,2,0,3.2,8,0,102,3,94,0,0,0,2,False,6,1,0,2,0,6,0,0,0,2017-08-12T16:30:00Z,0,1,0,0,55,245,30,0,8.0,0,0,90,1
0,0,0,0,0,0,0,0.0,0,0,0,0,246,246,0,0,11529,0.0,12 Aug 17:30,0,0,0.0,0,0,0,3,0,0,0,0,2,False,0,0,0,2,0,0,0,0,0,2017-08-12T16:30:00Z,0,0,0,0,45,246,0,0,0.0,0,0,0,1
0,1,0,0,0,0,0,0.0,0,0,0,0,247,247,0,0,247309,4.3,12 Aug 17:30,0,0,0.4,0,0,6,3,6,0,0,0,2,False,0,0,0,2,0,0,0,0,0,2017-08-12T16:30:00Z,0,1,0,0,80,247,-1,1,0.0,1,0,12,1
0,0,1,0,0,0,0,35.8,5,0,0,0,248,248,0,0,167664,77.1,12 Aug 17:30,2,1,11.9,8,0,101,3,94,0,0,0,2,False,2,1,1,2,0,1,0,1,0,2017-08-12T16:30:00Z,0,1,0,0,80,248,30,1,6.0,0,0,90,1
0,0,0,0,0,0,0,0.0,0,0,0,0,249,249,0,0,85542,0.0,12 Aug 17:30,0,0,0.0,0,0,0,3,0,0,0,0,2,False,0,0,0,2,0,0,0,0,0,2017-08-12T16:30:00Z,0,0,0,0,65,249,0,0,0.0,0,0,0,1
0,0,0,0,0,0,0,13.2,1,0,0,0,250,250,0,0,37579,29.6,12 Aug 17:30,0,0,5.8,6,0,99,3,86,1,0,0,2,False,6,1,1,2,0,3,0,0,0,2017-08-12T16:30:00Z,0,0,0,0,50,250,22,0,15.0,0,0,90,1
0,0,0,0,0,0,0,0.0,0,0,0,0,251,251,0,0,5817,0.0,12 Aug 17:30,0,0,0.0,0,0,0,3,0,0,0,0,2,False,0,0,0,2,0,0,0,0,0,2017-08-12T16:30:00Z,0,0,0,0,45,251,0,0,0.0,0,0,0,1
0,0,2,0,0,0,0,15.0,0,0,0,0,252,252,0,0,1236998,16.9,12 Aug 17:30,0,0,6.7,3,0,82,3,73,0,0,0,2,False,5,1,0,2,0,0,0,0,0,2017-08-12T16:30:00Z,0,0,0,0,100,252,14,1,35.0,2,0,90,1
0,0,0,0,0,0,0,0.0,0,0,0,0,253,253,0,0,17173,0.0,12 Aug 17:30,0,0,0.0,0,0,0,3,0,0,0,0,2,False,0,0,0,2,0,0,0,0,0,2017-08-12T16:30:00Z,0,0,0,0,55,253,0,0,0.0,0,0,0,1
0,0,0,0,0,0,0,0.0,0,0,0,0,254,254,0,0,2939,0.0,12 Aug 17:30,0,0,0.0,0,0,0,3,0,0,0,0,2,False,0,0,0,2,0,0,0,0,0,2017-08-12T16:30:00Z,0,0,0,0,70,254,0,0,0.0,0,0,0,1
0,0,1,0,0,0,0,0.0,0,0,0,0,255,255,0,0,211370,1.6,12 Aug 17:30,0,0,0.6,1,0,12,3,12,0,0,0,2,False,0,0,0,2,0,0,0,0,0,2017-08-12T16:30:00Z,0,2,0,0,85,255,2,0,4.0,1,0,22,1
0,0,0,0,0,0,0,0.4,0,0,0,0,256,256,0,0,91243,3.3,12 Aug 17:30,0,0,0.4,1,0,14,3,12,0,0,0,2,False,0,0,0,2,0,0,0,0,0,2017-08-12T16:30:00Z,0,0,0,0,80,256,3,0,0.0,0,0,7,1
0,0,0,0,1,0,0,38.2,2,0,0,1,257,257,0,0,439441,28.8,12 Aug 17:30,3,1,9.6,9,0,19,3,13,1,0,0,2,False,2,1,0,2,1,0,0,0,0,2017-08-12T16:30:00Z,0,1,0,0,115,257,33,1,29.0,2,1,82,1
0,0,0,2,0,0,0,0.0,0,0,0,0,258,258,0,4,140110,0.0,11 Aug 19:45,0,0,0.0,1,0,2,1,1,0,0,0,1,False,0,0,0,3,0,0,0,0,0,2017-08-11T18:45:00Z,0,0,0,0,70,258,3,0,0.0,0,0,8,1
0,1,0,0,0,0,0,0.0,0,0,0,0,259,259,0,0,526481,9.4,12 Aug 17:30,0,0,7.8,1,0,25,3,20,2,0,0,2,False,4,1,0,2,0,0,0,0,0,2017-08-12T16:30:00Z,0,2,0,0,105,259,-4,2,69.0,0,2,77,1
0,0,0,0,0,0,1,10.6,0,0,0,0,260,260,0,4,1195182,0.0,13 Aug 16:00,0,0,1.1,6,0,26,20,19,0,0,0,9,True,8,1,0,0,0,0,0,0,0,2017-08-13T15:00:00Z,0,0,0,0,55,260,22,0,0.0,0,0,90,1
0,0,0,0,0,0,0,0.0,0,0,0,0,261,261,0,4,7601,0.0,13 Aug 16:00,0,0,0.0,0,0,0,20,0,0,0,0,9,True,0,0,0,0,0,0,0,0,0,2017-08-13T15:00:00Z,0,0,0,0,50,261,0,0,0.0,0,0,0,1
0,0,0,0,0,0,0,0.0,0,0,0,0,262,262,0,4,38383,0.0,13 Aug 16:00,0,0,0.0,0,0,0,20,0,0,0,0,9,True,0,0,0,0,0,0,0,0,0,2017-08-13T15:00:00Z,0,0,0,0,40,262,0,0,0.0,0,0,0,1
0,0,0,0,0,0,0,0.0,0,0,0,0,263,263,0,4,65797,0.0,13 Aug 16:00,0,0,0.0,0,0,0,20,0,0,0,0,9,True,0,0,0,0,0,0,0,0,0,2017-08-13T15:00:00Z,0,0,0,0,55,263,0,0,0.0,0,0,0,1
0,0,0,0,0,0,0,18.8,0,0,0,0,264,264,0,4,28003,0.9,13 Aug 16:00,0,0,2.0,6,0,60,20,55,0,0,0,9,True,5,1,0,0,0,7,0,0,0,2017-08-13T15:00:00Z,0,1,0,0,50,264,27,0,0.0,0,0,90,1
0,0,0,0,0,0,0,0.0,0,0,0,0,265,265,0,4,3576,0.0,13 Aug 16:00,0,0,0.0,0,0,0,20,0,0,0,0,9,True,0,0,0,0,0,0,0,0,0,2017-08-13T15:00:00Z,0,0,0,0,50,265,0,0,0.0,0,0,0,1
0,0,0,0,0,0,0,0.0,0,0,0,0,266,266,0,4,1964,0.0,13 Aug 16:00,0,0,0.0,0,0,0,20,0,0,0,0,9,True,0,0,0,0,0,0,0,0,0,2017-08-13T15:00:00Z,0,0,0,0,55,266,0,0,0.0,0,0,0,1
0,1,0,0,0,0,0,19.4,1,0,0,0,267,267,0,4,362470,17.2,13 Aug 16:00,0,0,4.5,5,0,40,20,37,0,0,0,9,True,4,1,0,0,1,5,0,0,0,2017-08-13T15:00:00Z,0,3,0,0,65,267,22,1,8.0,2,0,90,1
0,0,0,0,0,0,0,0.0,0,0,0,0,268,268,0,4,29145,0.0,13 Aug 16:00,0,0,0.0,0,0,0,20,0,0,0,0,9,True,0,0,0,0,0,0,0,0,0,2017-08-13T15:00:00Z,0,0,0,0,55,268,0,0,0.0,0,0,0,1
0,0,4,2,0,0,0,18.2,0,0,0,0,269,269,0,0,60308,1.0,12 Aug 15:00,0,0,1.9,1,0,38,8,28,0,0,0,4,True,4,0,0,3,0,6,0,0,0,2017-08-12T14:00:00Z,0,0,0,0,45,269,19,0,0.0,1,0,77,1
0,0,0,0,0,0,0,15.0,1,0,0,0,270,270,0,4,53799,25.1,13 Aug 16:00,0,0,5.3,6,0,36,20,26,2,0,0,9,True,3,1,0,0,1,6,0,0,0,2017-08-13T15:00:00Z,0,2,0,0,55,270,23,1,13.0,0,0,90,1
0,1,0,0,0,0,0,8.6,0,0,0,0,271,271,0,4,352951,0.4,13 Aug 16:00,0,0,1.3,5,0,53,20,43,0,0,0,9,True,8,1,0,0,0,5,0,0,0,2017-08-13T15:00:00Z,0,2,0,0,60,271,21,0,4.0,0,0,90,1
0,0,0,0,0,0,0,0.0,0,0,0,0,272,272,0,4,66867,0.0,13 Aug 16:00,0,0,0.0,0,0,0,20,0,0,0,0,9,True,0,0,0,0,0,0,0,0,0,2017-08-13T15:00:00Z,0,0,0,0,40,272,0,0,0.0,0,0,0,1
0,0,0,0,0,0,0,0.0,0,0,0,0,273,273,0,4,259905,0.0,13 Aug 16:00,0,0,0.0,0,0,0,20,0,0,0,0,9,True,0,0,0,0,0,0,0,0,0,2017-08-13T15:00:00Z,0,0,0,0,55,273,0,0,0.0,0,0,0,1
0,0,2,0,0,0,0,11.2,2,0,0,0,274,274,0,4,127293,26.8,13 Aug 16:00,0,0,6.3,3,0,38,20,34,0,0,0,9,True,7,1,0,0,0,2,0,0,0,2017-08-13T15:00:00Z,0,2,0,0,70,274,17,1,25.0,1,0,75,1
0,0,0,0,0,0,0,2.2,0,0,0,0,275,275,0,4,20119,0.8,13 Aug 16:00,0,0,0.3,1,0,11,20,10,0,0,0,9,True,1,0,0,0,0,0,0,0,0,2017-08-13T15:00:00Z,0,1,0,0,50,275,2,0,0.0,0,0,14,1
0,0,0,0,0,0,0,0.0,0,0,0,0,276,276,0,4,48481,0.0,13 Aug 16:00,0,0,0.0,0,0,0,20,0,0,0,0,9,True,0,0,0,0,0,0,0,0,0,2017-08-13T15:00:00Z,0,0,0,0,45,276,0,0,0.0,0,0,0,1
0,0,0,0,0,0,0,0.0,0,0,0,0,277,277,0,4,513,0.0,13 Aug 16:00,0,0,0.0,0,0,0,20,0,0,0,0,9,True,0,0,0,0,0,0,0,0,0,2017-08-13T15:00:00Z,0,0,0,0,50,277,0,0,0.0,0,0,0,1
0,0,0,0,0,0,0,0.0,0,0,0,0,278,278,0,4,204440,0.0,13 Aug 16:00,0,0,0.0,0,0,0,20,0,0,0,0,9,True,0,0,0,0,0,0,0,0,0,2017-08-13T15:00:00Z,0,0,0,0,55,278,0,0,0.0,0,0,0,1
0,0,0,0,0,0,0,0.2,0,0,0,0,279,279,0,4,12315,0.3,13 Aug 16:00,0,0,0.1,1,0,4,20,4,0,0,0,9,True,0,0,0,0,0,0,0,0,0,2017-08-13T15:00:00Z,0,0,0,0,60,279,3,0,0.0,0,0,2,1
0,0,0,0,0,0,0,51.4,1,0,0,1,280,280,0,4,38558,11.1,13 Aug 16:00,1,0,8.4,10,0,7,20,6,0,0,0,9,True,0,0,1,0,0,0,0,0,0,2017-08-13T15:00:00Z,0,0,0,0,80,280,32,1,21.0,0,0,10,1
0,0,1,0,0,0,0,45.8,6,0,0,0,281,281,0,4,271342,68.8,13 Aug 16:00,2,2,13.1,11,0,41,20,37,2,0,0,9,True,6,1,2,0,1,0,0,0,0,2017-08-13T15:00:00Z,0,0,0,0,80,281,44,3,16.0,4,0,87,1
0,0,0,0,0,0,0,48.2,2,0,0,1,282,282,0,4,812407,40.3,13 Aug 16:00,0,0,13.6,8,0,62,20,54,0,0,0,9,True,6,1,0,0,0,2,0,0,0,2017-08-13T15:00:00Z,0,4,0,0,80,282,31,6,47.0,4,0,90,1
0,0,0,0,0,0,0,0.0,0,0,0,0,283,283,0,4,1850,0.0,13 Aug 16:00,0,0,0.0,0,0,0,20,0,0,0,0,9,True,0,0,0,0,0,0,0,0,0,2017-08-13T15:00:00Z,0,0,0,0,45,283,0,0,0.0,0,0,0,1
0,0,1,0,0,0,0,14.8,1,0,0,0,284,284,0,4,209974,17.1,13 Aug 16:00,0,1,6.8,5,0,19,20,16,3,0,0,9,True,3,1,1,0,0,1,0,1,0,2017-08-13T15:00:00Z,0,2,0,0,75,284,15,2,36.0,3,0,79,1
0,0,0,0,1,0,0,73.8,3,0,0,2,285,285,0,4,1902800,33.8,13 Aug 16:00,3,0,19.1,13,0,25,20,16,1,0,0,9,True,1,1,0,0,0,1,0,0,0,2017-08-13T15:00:00Z,0,0,0,0,115,285,55,1,83.0,5,0,90,1
0,0,0,2,0,0,4,25.4,0,0,0,0,286,286,0,0,694817,0.0,13 Aug 13:30,0,0,2.5,2,0,30,17,8,0,0,0,10,True,10,0,0,2,0,0,0,0,0,2017-08-13T12:30:00Z,0,0,0,0,40,286,17,0,0.0,0,0,90,1
0,0,0,0,0,0,0,0.0,0,0,0,0,287,287,0,0,18015,0.0,13 Aug 13:30,0,0,0.0,0,0,0,17,0,0,0,0,10,True,0,0,0,2,0,0,0,0,0,2017-08-13T12:30:00Z,0,0,0,0,45,287,0,0,0.0,0,0,0,1
0,0,0,0,0,0,0,0.0,0,0,0,0,288,288,0,0,17756,0.0,13 Aug 13:30,0,0,0.0,0,0,0,17,0,0,0,0,10,True,0,0,0,2,0,0,0,0,0,2017-08-13T12:30:00Z,0,0,0,0,45,288,0,0,0.0,0,0,0,1
0,0,2,2,0,0,0,12.4,0,0,0,0,289,289,0,0,29375,0.5,13 Aug 13:30,0,0,3.0,1,0,30,17,19,0,0,0,10,True,4,0,0,2,0,4,0,0,0,2017-08-13T12:30:00Z,0,1,0,0,45,289,12,0,17.0,0,0,90,1
0,0,1,2,0,0,0,25.4,0,0,0,0,290,290,0,0,68429,0.2,13 Aug 13:30,0,0,2.8,1,0,21,17,14,0,0,0,10,True,6,0,0,2,0,8,0,0,0,2017-08-13T12:30:00Z,0,0,0,0,45,290,14,0,2.0,0,0,83,1
0,0,0,0,0,0,0,1.4,1,0,0,0,291,291,0,0,39018,13.2,13 Aug 13:30,0,0,1.5,1,0,3,17,3,0,0,0,10,True,0,0,0,2,0,0,0,0,0,2017-08-13T12:30:00Z,0,0,0,0,45,291,4,0,0.0,0,0,7,1
0,0,0,0,0,0,0,0.0,0,0,0,0,292,292,0,0,94940,0.0,13 Aug 13:30,0,0,0.0,0,0,0,17,0,0,0,0,10,True,0,0,0,2,0,0,0,0,0,2017-08-13T12:30:00Z,0,0,0,0,40,292,0,0,0.0,0,0,0,1
0,0,0,0,0,0,0,0.0,0,0,0,0,293,293,0,0,89381,0.0,13 Aug 13:30,0,0,0.0,0,0,0,17,0,0,0,0,10,True,0,0,0,2,0,0,0,0,0,2017-08-13T12:30:00Z,0,0,0,0,40,293,0,0,0.0,0,0,0,1
0,0,0,0,0,0,0,2.8,0,0,0,0,294,294,0,0,34083,0.3,13 Aug 13:30,0,0,0.3,1,0,10,17,6,0,0,0,10,True,2,0,0,2,0,2,0,0,0,2017-08-13T12:30:00Z,0,0,0,0,45,294,4,0,0.0,0,0,33,1
0,1,2,2,0,0,0,11.6,1,0,0,0,295,295,0,0,149149,12.4,13 Aug 13:30,0,0,2.4,1,0,28,17,23,0,0,0,10,True,5,0,0,2,0,4,0,0,0,2017-08-13T12:30:00Z,0,0,0,0,60,295,12,1,0.0,0,0,90,1
0,0,1,2,0,0,0,1.6,0,0,0,0,296,296,0,0,79334,3.5,13 Aug 13:30,0,0,0.5,-2,0,10,17,6,0,0,0,10,True,4,0,0,2,0,3,0,0,0,2017-08-13T12:30:00Z,0,0,1,0,55,296,-3,0,0.0,1,0,47,1
0,0,0,0,0,0,0,0.0,0,0,0,0,297,297,0,0,355,0.0,13 Aug 13:30,0,0,0.0,0,0,0,17,0,0,0,0,10,True,0,0,0,2,0,0,0,0,0,2017-08-13T12:30:00Z,0,0,0,0,50,297,0,0,0.0,0,0,0,1
0,0,0,0,0,0,0,0.0,0,0,0,0,298,298,0,0,13068,0.0,13 Aug 13:30,0,0,0.0,0,0,0,17,0,0,0,0,10,True,0,0,0,2,0,0,0,0,0,2017-08-13T12:30:00Z,0,0,0,0,50,298,0,0,0.0,0,0,0,1
0,0,0,0,0,0,0,0.0,0,0,0,0,299,299,0,0,41590,0.0,13 Aug 13:30,0,0,0.0,0,0,0,17,0,0,0,0,10,True,0,0,0,2,0,0,0,0,0,2017-08-13T12:30:00Z,0,0,0,0,45,299,0,0,0.0,0,0,0,1
0,0,0,2,0,0,0,4.6,0,0,0,0,300,300,0,0,108635,2.0,13 Aug 13:30,0,0,4.1,2,0,13,17,9,1,0,0,10,True,3,0,0,2,0,1,0,1,0,2017-08-13T12:30:00Z,0,0,0,0,50,300,-4,2,34.0,8,1,90,1
0,0,0,2,0,0,0,1.2,0,0,0,0,301,301,0,0,102404,0.3,13 Aug 13:30,0,0,2.3,2,0,11,17,4,1,0,0,10,True,1,0,0,2,0,0,0,1,0,2017-08-13T12:30:00Z,0,1,0,0,65,301,3,0,21.0,0,0,75,1
0,0,0,2,0,0,0,8.6,0,0,0,0,302,302,0,0,56097,15.9,13 Aug 13:30,0,0,2.9,2,0,17,17,8,0,0,0,10,True,5,0,0,2,0,0,0,0,0,2017-08-13T12:30:00Z,0,1,0,0,55,302,4,1,4.0,3,0,90,1
0,0,0,0,0,0,0,0.0,0,0,0,0,303,303,0,0,121294,0.0,13 Aug 13:30,0,0,0.0,0,0,0,17,0,0,0,0,10,True,0,0,0,2,0,0,0,0,0,2017-08-13T12:30:00Z,0,0,0,0,50,303,0,0,0.0,0,0,0,1
0,0,0,0,0,0,0,0.0,0,0,0,0,304,304,0,0,14918,0.0,13 Aug 13:30,0,0,0.0,0,0,0,17,0,0,0,0,10,True,0,0,0,2,0,0,0,0,0,2017-08-13T12:30:00Z,0,0,0,0,45,304,0,0,0.0,0,0,0,1
0,0,0,0,0,0,0,0.0,0,0,0,0,305,305,0,0,4487,0.0,12 Aug 15:00,0,0,0.0,0,0,0,16,0,0,0,0,6,True,0,0,0,0,0,0,0,0,0,2017-08-12T14:00:00Z,0,0,0,0,45,305,0,0,0.0,0,0,0,1
0,0,0,0,0,0,0,1.0,0,0,0,0,306,306,0,0,279708,0.0,12 Aug 15:00,0,0,0.1,6,0,14,16,7,0,0,0,6,True,4,1,0,0,0,0,0,0,0,2017-08-12T14:00:00Z,0,0,0,0,50,306,19,0,0.0,0,0,90,1
0,0,1,0,0,0,0,13.8,4,0,0,0,307,307,0,0,613635,59.7,12 Aug 15:00,2,1,8.1,8,0,62,16,52,1,0,0,6,True,5,1,0,0,2,1,0,0,0,2017-08-12T14:00:00Z,0,1,0,0,55,307,32,0,7.0,0,0,85,1
0,0,1,0,0,0,0,9.8,0,0,0,0,308,308,0,0,67407,0.6,12 Aug 15:00,0,0,4.2,6,0,52,16,40,3,0,0,6,True,8,1,0,0,0,6,0,0,0,2017-08-12T14:00:00Z,0,1,0,0,50,308,20,0,32.0,0,1,90,1
0,0,0,0,0,0,0,0.0,0,0,0,0,309,309,0,0,7415,0.0,12 Aug 15:00,0,0,0.0,0,0,0,16,0,0,0,0,6,True,0,0,0,0,0,0,0,0,0,2017-08-12T14:00:00Z,0,0,0,0,45,309,0,0,0.0,0,0,0,1
0,0,1,0,0,0,0,14.2,0,0,0,0,310,310,0,0,523597,5.3,12 Aug 15:00,0,0,3.9,6,0,49,16,41,1,0,0,6,True,5,1,0,0,0,3,0,0,0,2017-08-12T14:00:00Z,0,1,0,0,50,310,24,1,19.0,1,0,90,1
0,0,0,0,0,0,0,0.0,0,0,0,0,311,311,0,0,93099,0.0,12 Aug 15:00,0,0,0.0,0,0,0,16,0,0,0,0,6,True,0,0,0,0,0,0,0,0,0,2017-08-12T14:00:00Z,0,0,0,0,55,311,0,0,0.0,0,0,0,1
0,0,0,0,0,0,0,0.0,0,0,0,0,312,312,0,0,4233,0.0,12 Aug 15:00,0,0,0.0,0,0,0,16,0,0,0,0,6,True,0,0,0,0,0,0,0,0,0,2017-08-12T14:00:00Z,0,0,0,0,45,312,0,0,0.0,0,0,0,1
0,0,0,0,0,0,0,15.6,1,0,0,0,313,313,0,0,40682,11.1,12 Aug 15:00,0,0,4.7,6,0,37,16,31,0,0,0,6,True,9,1,0,0,0,5,0,0,0,2017-08-12T14:00:00Z,0,0,0,0,50,313,26,0,20.0,2,0,90,1
0,0,0,0,0,0,0,2.6,1,0,0,0,314,314,0,0,4539,10.5,12 Aug 15:00,0,0,1.3,1,0,6,16,4,0,0,0,6,True,0,0,0,0,0,0,0,0,0,2017-08-12T14:00:00Z,0,0,0,0,45,314,4,0,0.0,0,0,4,1
0,0,0,0,0,0,0,0.0,0,0,0,0,315,315,0,0,10291,0.0,12 Aug 15:00,0,0,0.0,0,0,0,16,0,0,0,0,6,True,0,0,0,0,0,0,0,0,0,2017-08-12T14:00:00Z,0,0,0,0,45,315,0,0,0.0,0,0,0,1
0,0,3,0,0,0,0,19.8,2,0,0,0,316,316,0,0,8445,32.8,12 Aug 15:00,0,0,7.5,3,0,71,16,67,0,0,0,6,True,7,1,0,0,1,2,0,0,0,2017-08-12T14:00:00Z,0,2,0,0,50,316,22,0,22.0,0,0,90,1
0,0,0,0,0,0,0,11.4,3,0,0,0,317,317,0,0,114499,44.0,12 Aug 15:00,0,0,10.2,3,0,27,16,23,1,0,0,6,True,4,1,0,0,1,2,0,0,0,2017-08-12T14:00:00Z,0,0,0,0,55,317,9,0,47.0,2,0,70,1
0,0,0,0,0,0,0,21.8,2,0,0,0,318,318,0,0,138397,43.2,12 Aug 15:00,0,0,10.0,3,0,40,16,28,2,0,0,6,True,7,1,0,0,4,2,0,0,0,2017-08-12T14:00:00Z,0,1,0,0,65,318,12,3,35.0,2,1,90,1
0,0,0,0,0,0,0,0.0,0,0,0,0,319,319,0,0,17458,0.0,12 Aug 15:00,0,0,0.0,0,0,0,16,0,0,0,0,6,True,0,0,0,0,0,0,0,0,0,2017-08-12T14:00:00Z,0,0,0,0,45,319,0,0,0.0,0,0,0,1
0,1,3,0,0,0,0,25.2,5,0,0,0,320,320,0,0,214539,56.2,12 Aug 15:00,0,1,8.9,2,0,80,16,70,0,0,0,6,True,4,1,0,0,0,4,0,0,0,2017-08-12T14:00:00Z,0,1,0,0,45,320,22,0,8.0,1,0,90,1
0,0,0,0,0,0,0,0.0,0,0,0,0,321,321,0,0,13724,0.0,12 Aug 15:00,0,0,0.0,0,0,0,16,0,0,0,0,6,True,0,0,0,0,0,0,0,0,0,2017-08-12T14:00:00Z,0,0,0,0,45,321,0,0,0.0,0,0,0,1
0,0,1,0,0,0,0,5.0,0,0,0,0,322,322,0,0,9203,6.3,12 Aug 15:00,0,0,2.1,1,0,19,16,15,0,0,0,6,True,3,0,0,0,0,0,0,0,0,2017-08-12T14:00:00Z,0,0,0,0,60,322,8,2,10.0,0,0,19,1
0,0,0,0,0,0,0,0.0,0,0,0,0,323,323,0,0,2592,0.0,12 Aug 15:00,0,0,0.0,0,0,0,16,0,0,0,0,6,True,0,0,0,0,0,0,0,0,0,2017-08-12T14:00:00Z,0,0,0,0,45,323,0,0,0.0,0,0,0,1
0,1,0,0,0,0,0,9.2,5,0,0,0,324,324,0,0,355220,67.0,12 Aug 15:00,0,0,10.9,2,0,43,16,38,2,0,0,6,True,2,1,0,0,1,0,0,0,0,2017-08-12T14:00:00Z,0,1,0,0,65,324,8,0,33.0,2,0,90,1
0,0,0,0,0,0,0,0.0,0,0,0,0,325,325,0,0,28672,0.0,12 Aug 15:00,0,0,0.0,0,0,0,16,0,0,0,0,6,True,0,0,0,0,0,0,0,0,0,2017-08-12T14:00:00Z,0,0,0,0,60,325,0,0,0.0,0,0,0,1
0,0,0,0,0,0,0,0.0,0,0,0,0,326,326,0,0,56567,0.3,12 Aug 15:00,0,0,0.7,1,0,7,16,5,1,0,0,6,True,1,0,0,0,0,0,0,0,0,2017-08-12T14:00:00Z,0,0,0,0,65,326,2,0,8.0,0,0,21,1
0,0,0,0,0,0,0,0.0,0,0,0,0,327,327,0,0,264048,5.3,12 Aug 15:00,0,0,1.2,2,0,13,16,11,5,0,0,6,True,2,1,0,0,0,0,0,0,0,2017-08-12T14:00:00Z,0,2,0,0,70,327,-1,0,20.0,0,0,68,1
0,0,0,1,0,0,3,21.6,0,0,0,0,328,328,0,1,84471,0.0,12 Aug 15:00,0,0,2.2,3,0,24,7,14,0,0,0,5,False,7,0,0,0,0,0,0,0,0,2017-08-12T14:00:00Z,0,0,0,0,50,328,14,0,0.0,0,0,90,1
0,0,0,0,0,0,0,0.0,0,0,0,0,329,329,0,1,28603,0.0,12 Aug 15:00,0,0,0.0,0,0,0,7,0,0,0,0,5,False,0,0,0,0,0,0,0,0,0,2017-08-12T14:00:00Z,0,0,0,0,45,329,0,0,0.0,0,0,0,1
0,0,1,1,0,0,0,21.0,0,0,0,0,330,330,0,1,69753,0.2,12 Aug 15:00,0,0,2.1,2,0,11,7,9,0,0,0,5,False,0,0,0,0,0,8,0,1,0,2017-08-12T14:00:00Z,0,0,0,0,50,330,11,0,0.0,0,0,90,1
0,0,2,1,0,0,0,16.0,0,0,0,0,331,331,0,1,16566,1.1,12 Aug 15:00,0,0,1.7,2,0,27,7,19,0,0,0,5,False,4,0,0,0,0,7,0,0,0,2017-08-12T14:00:00Z,0,0,0,0,45,331,13,1,0.0,2,0,90,1
0,0,3,1,0,0,0,19.0,0,0,0,0,332,332,0,1,48548,5.3,12 Aug 15:00,0,0,2.4,2,0,25,7,16,0,0,0,5,False,3,0,0,0,1,8,0,2,0,2017-08-12T14:00:00Z,0,2,0,0,50,332,14,0,0.0,0,0,90,1
0,0,0,0,0,0,0,0.0,0,0,0,0,333,333,0,1,5580,0.0,12 Aug 15:00,0,0,0.0,0,0,0,7,0,0,0,0,5,False,0,0,0,0,0,0,0,0,0,2017-08-12T14:00:00Z,0,0,0,0,45,333,0,0,0.0,0,0,0,1
0,0,0,0,0,0,0,0.0,0,0,0,0,334,334,0,2,7243,0.0,12 Aug 15:00,0,0,0.0,0,0,0,5,0,0,0,0,3,False,0,0,0,3,0,0,0,0,0,2017-08-12T14:00:00Z,0,0,0,0,45,334,0,0,0.0,0,0,0,1
0,0,0,0,0,0,0,0.0,0,0,0,0,335,335,0,1,32499,0.0,12 Aug 15:00,0,0,0.0,0,0,0,7,0,0,0,0,5,False,0,0,0,0,0,0,0,0,0,2017-08-12T14:00:00Z,0,0,0,0,45,335,0,0,0.0,0,0,0,1
0,0,0,0,0,0,0,0.0,0,0,0,0,336,336,0,1,965,0.0,12 Aug 15:00,0,0,0.0,0,0,0,7,0,0,0,0,5,False,0,0,0,0,0,0,0,0,0,2017-08-12T14:00:00Z,0,0,0,0,45,336,0,0,0.0,0,0,0,1
0,1,1,1,0,0,0,8.6,1,0,0,0,337,337,0,1,198220,12.9,12 Aug 15:00,0,0,3.3,1,0,36,7,29,1,0,0,5,False,7,0,0,0,0,4,0,0,0,2017-08-12T14:00:00Z,0,3,0,0,55,337,9,2,11.0,3,0,90,1
0,0,0,0,0,0,0,0.0,0,0,0,0,338,338,0,1,5541,0.0,12 Aug 15:00,0,0,0.0,0,0,0,7,0,0,0,0,5,False,0,0,0,0,0,0,0,0,0,2017-08-12T14:00:00Z,0,0,0,0,50,338,0,0,0.0,0,0,0,1
0,0,0,0,0,0,0,0.0,0,0,0,0,339,339,0,1,1101,0.0,12 Aug 15:00,0,0,0.0,0,0,0,7,0,0,0,0,5,False,0,0,0,0,0,0,0,0,0,2017-08-12T14:00:00Z,0,0,0,0,45,339,0,0,0.0,0,0,0,1
0,0,1,4,0,0,0,4.8,2,0,0,0,340,340,0,4,78101,29.5,13 Aug 16:00,0,1,4.2,2,0,24,12,19,2,0,0,9,False,10,0,0,0,0,1,0,2,0,2017-08-13T15:00:00Z,0,1,0,0,70,340,8,0,8.0,3,0,90,1
0,0,0,0,0,0,0,0.0,0,0,0,0,341,341,0,1,688,0.0,12 Aug 15:00,0,0,0.0,0,0,0,7,0,0,0,0,5,False,0,0,0,0,0,0,0,0,0,2017-08-12T14:00:00Z,0,0,0,0,50,341,0,0,0.0,0,0,0,1
0,0,0,1,0,0,0,10.4,0,0,0,0,342,342,0,1,145781,3.3,12 Aug 15:00,0,0,2.1,2,0,23,7,19,0,0,0,5,False,2,0,0,0,0,0,0,0,0,2017-08-12T14:00:00Z,0,1,0,0,60,342,5,2,7.0,2,0,90,1
0,0,0,0,0,0,0,0.0,0,0,0,0,343,343,0,1,9218,0.0,12 Aug 15:00,0,0,0.0,0,0,0,7,0,0,0,0,5,False,0,0,0,0,0,0,0,0,0,2017-08-12T14:00:00Z,0,0,0,0,45,343,0,0,0.0,0,0,0,1
0,0,0,1,0,0,0,0.0,1,0,0,0,344,344,0,1,4169,13.3,12 Aug 15:00,0,0,1.9,2,0,23,7,20,1,0,0,5,False,5,0,0,0,0,0,0,0,0,2017-08-12T14:00:00Z,0,1,0,0,55,344,5,1,6.0,2,0,71,1
0,0,0,0,0,0,0,0.0,0,0,0,0,345,345,0,1,27830,0.0,12 Aug 15:00,0,0,0.0,0,0,0,7,0,0,0,0,5,False,0,0,0,0,0,0,0,0,0,2017-08-12T14:00:00Z,0,0,0,0,50,345,0,0,0.0,0,0,0,1
0,0,2,1,0,0,0,11.0,0,0,0,0,346,346,0,1,44764,3.1,12 Aug 15:00,0,0,1.5,2,0,45,7,30,1,0,0,5,False,4,0,0,0,0,6,0,0,0,2017-08-12T14:00:00Z,0,2,0,0,50,346,11,2,1.0,2,0,90,1
0,0,0,0,0,0,0,3.4,1,0,0,0,347,347,0,1,104948,10.8,12 Aug 15:00,0,0,3.8,1,0,9,7,6,0,0,0,5,False,0,0,0,0,0,1,0,3,0,2017-08-12T14:00:00Z,0,0,0,0,50,347,1,0,24.0,0,0,18,1
0,0,0,1,0,0,0,9.2,1,0,0,0,348,348,0,1,15288,11.9,12 Aug 15:00,0,0,3.0,2,0,18,7,13,2,0,0,5,False,2,0,0,0,0,5,0,0,0,2017-08-12T14:00:00Z,0,0,0,0,55,348,8,1,9.0,0,0,90,1
0,0,0,1,0,0,0,1.4,1,0,0,0,349,349,0,1,25150,13.1,12 Aug 15:00,0,0,2.3,2,0,12,7,9,1,0,0,5,False,3,0,0,0,0,1,0,0,0,2017-08-12T14:00:00Z,0,0,0,0,60,349,6,0,8.0,1,0,71,1
0,0,0,0,0,0,2,10.6,0,0,0,0,350,350,0,0,174030,0.0,12 Aug 15:00,0,0,1.1,6,0,41,14,26,0,0,0,6,False,5,1,0,0,0,0,0,0,0,2017-08-12T14:00:00Z,0,0,0,0,45,350,23,0,0.0,0,0,90,1
0,0,0,0,0,0,0,0.0,0,0,0,0,351,351,0,0,57975,0.0,12 Aug 15:00,0,0,0.0,0,0,0,14,0,0,0,0,6,False,0,0,0,0,0,0,0,0,0,2017-08-12T14:00:00Z,0,0,0,0,40,351,0,0,0.0,0,0,0,1
0,0,1,0,0,0,0,30.2,0,0,0,0,352,352,0,0,77639,1.3,12 Aug 15:00,1,0,3.2,7,0,39,14,29,0,0,0,6,False,2,1,0,0,0,12,0,0,0,2017-08-12T14:00:00Z,0,0,0,0,45,352,28,0,0.0,0,0,90,1
0,0,0,0,0,0,0,0.0,0,0,0,0,353,353,0,0,847779,0.0,12 Aug 15:00,0,0,0.0,0,0,0,14,0,0,0,0,6,False,0,0,0,0,0,0,0,0,0,2017-08-12T14:00:00Z,0,0,0,0,40,353,0,0,0.0,0,0,0,1
0,0,1,0,0,0,0,42.6,0,0,0,0,354,354,0,0,16653,0.3,12 Aug 15:00,3,0,4.3,9,0,50,14,41,0,0,0,6,False,3,1,0,0,0,18,0,0,0,2017-08-12T14:00:00Z,0,1,0,0,45,354,33,0,0.0,0,0,90,1
0,0,0,0,0,0,0,0.0,0,0,0,0,355,355,0,0,6389,0.0,12 Aug 15:00,0,0,0.0,0,0,0,14,0,0,0,0,6,False,0,0,0,0,0,0,0,0,0,2017-08-12T14:00:00Z,0,0,0,0,45,355,0,0,0.0,0,0,0,1
0,0,0,0,0,0,0,0.0,0,0,0,0,356,356,0,0,4657,0.0,12 Aug 15:00,0,0,0.0,0,0,0,14,0,0,0,0,6,False,0,0,0,0,0,0,0,0,0,2017-08-12T14:00:00Z,0,0,0,0,45,356,0,0,0.0,0,0,0,1
0,0,0,0,0,0,0,21.4,0,0,0,0,357,357,0,0,54205,0.2,12 Aug 15:00,0,0,2.2,6,0,41,14,36,0,0,0,6,False,2,1,0,0,0,9,0,0,0,2017-08-12T14:00:00Z,0,0,0,0,50,357,26,0,0.0,0,0,90,1
0,0,0,0,0,0,0,5.0,0,0,0,0,358,358,0,0,11361,1.8,12 Aug 15:00,0,0,0.7,6,0,33,14,21,0,0,0,6,False,0,1,0,0,0,4,0,0,0,2017-08-12T14:00:00Z,0,0,0,0,50,358,20,0,0.0,0,0,90,1
0,0,0,0,0,0,0,0.0,0,0,0,0,359,359,0,0,297704,0.0,12 Aug 15:00,0,0,0.0,0,0,0,14,0,0,0,0,6,False,0,0,0,0,0,0,0,0,0,2017-08-12T14:00:00Z,0,0,0,0,85,359,0,0,0.0,0,0,0,1
0,0,0,0,0,0,0,6.0,1,0,0,0,360,360,0,0,4758,16.4,12 Aug 15:00,0,0,2.4,3,0,18,14,12,0,0,0,6,False,2,1,0,0,1,3,0,0,0,2017-08-12T14:00:00Z,0,3,0,0,55,360,4,0,2.0,2,0,85,1
0,0,0,0,0,0,0,6.6,0,0,0,0,361,361,0,0,6140,0.7,12 Aug 15:00,0,0,0.7,3,0,26,14,23,0,0,0,6,False,4,1,0,0,0,1,0,0,0,2017-08-12T14:00:00Z,0,1,0,0,45,361,6,0,0.0,0,0,73,1
0,1,0,0,0,0,0,0.0,0,0,0,0,362,362,0,0,1986,0.1,12 Aug 15:00,0,0,0.0,0,0,4,14,3,0,0,0,6,False,1,0,0,0,0,0,0,0,0,2017-08-12T14:00:00Z,0,2,0,0,45,362,-2,0,0.0,0,0,16,1
0,0,0,0,0,0,0,0.0,0,0,0,0,363,363,0,0,415,0.0,12 Aug 15:00,0,0,0.0,0,0,0,14,0,0,0,0,6,False,0,0,0,0,0,0,0,0,0,2017-08-12T14:00:00Z,0,0,0,0,50,363,0,0,0.0,0,0,0,1
0,0,0,0,0,0,0,0.0,0,0,0,0,364,364,0,0,3170,0.0,12 Aug 15:00,0,0,0.0,0,0,0,14,0,0,0,0,6,False,0,0,0,0,0,0,0,0,0,2017-08-12T14:00:00Z,0,0,0,0,50,364,0,0,0.0,0,0,0,1
0,0,0,0,0,0,0,14.0,1,0,0,0,365,365,0,0,25405,13.3,12 Aug 15:00,0,0,3.1,3,0,41,14,36,1,0,0,6,False,4,1,0,0,0,3,0,0,0,2017-08-12T14:00:00Z,0,1,0,0,55,365,10,2,4.0,3,0,90,1
0,0,0,0,0,0,0,0.0,0,0,0,0,366,366,0,0,2252,0.0,12 Aug 15:00,0,0,0.0,0,0,0,14,0,0,0,0,6,False,0,0,0,0,0,0,0,0,0,2017-08-12T14:00:00Z,0,0,0,0,45,366,0,0,0.0,0,0,0,1
0,0,0,0,0,0,0,16.8,1,0,0,0,367,367,0,0,267869,16.0,12 Aug 15:00,0,0,3.3,3,0,37,14,31,0,0,0,6,False,7,1,0,0,1,2,0,0,0,2017-08-12T14:00:00Z,0,0,0,0,45,367,14,0,0.0,1,0,90,1
0,0,0,0,0,0,0,0.0,0,0,0,0,368,368,0,0,368,0.0,12 Aug 15:00,0,0,0.0,0,0,0,14,0,0,0,0,6,False,0,0,0,0,0,0,0,0,0,2017-08-12T14:00:00Z,0,0,0,0,50,368,0,0,0.0,0,0,0,1
0,0,0,0,0,0,0,0.0,0,0,0,0,369,369,0,0,2964,0.0,12 Aug 15:00,0,0,0.0,0,0,0,14,0,0,0,0,6,False,0,0,0,0,0,0,0,0,0,2017-08-12T14:00:00Z,0,0,0,0,50,369,0,0,0.0,0,0,0,1
0,0,0,0,0,0,0,0.0,0,0,0,0,370,370,0,0,26307,0.0,12 Aug 15:00,0,0,0.0,0,0,0,14,0,0,0,0,6,False,0,0,0,0,0,0,0,0,0,2017-08-12T14:00:00Z,0,0,0,0,45,370,0,0,0.0,0,0,0,1
0,0,0,0,0,0,0,0.0,0,0,0,0,371,371,0,0,8380,0.0,12 Aug 15:00,0,0,0.0,0,0,0,14,0,0,0,0,6,False,0,0,0,0,0,0,0,0,0,2017-08-12T14:00:00Z,0,0,0,0,75,371,0,0,0.0,0,0,0,1
0,0,0,0,0,0,0,0.2,0,0,0,0,372,372,0,0,99554,0.0,12 Aug 15:00,0,0,0.2,1,0,5,14,2,0,0,0,6,False,1,0,0,0,0,0,0,0,0,2017-08-12T14:00:00Z,0,0,0,0,45,372,3,0,2.0,0,0,4,1
0,0,1,0,0,0,0,2.4,0,0,0,0,373,373,0,0,78264,3.6,12 Aug 15:00,0,0,0.8,2,0,20,14,14,0,0,0,6,False,3,1,0,0,0,2,0,0,0,2017-08-12T14:00:00Z,0,5,0,0,50,373,0,0,2.0,5,0,90,1
0,0,1,0,0,0,0,2.2,0,0,0,0,374,374,0,0,115311,0.8,12 Aug 15:00,0,0,3.5,2,0,7,14,6,1,0,0,6,False,2,1,0,0,0,1,0,1,0,2017-08-12T14:00:00Z,0,0,0,0,55,374,6,1,32.0,1,0,80,1
0,0,0,0,0,0,3,21.2,0,0,0,0,375,375,0,0,522036,0.0,13 Aug 13:30,0,0,2.1,7,0,24,13,20,0,0,0,10,False,11,1,0,2,0,2,0,0,0,2017-08-13T12:30:00Z,0,0,0,0,55,375,28,0,0.0,0,0,90,1
0,0,0,0,0,0,0,0.0,0,0,0,0,376,376,0,0,5079,0.0,13 Aug 13:30,0,0,0.0,0,0,0,13,0,0,0,0,10,False,0,0,0,2,0,0,0,0,0,2017-08-13T12:30:00Z,0,0,0,0,50,376,0,0,0.0,0,0,0,1
0,0,1,0,0,0,0,24.2,1,0,0,0,377,377,0,0,595743,13.2,13 Aug 13:30,1,0,4.1,7,0,102,13,93,0,0,0,10,False,3,1,0,2,0,5,0,0,0,2017-08-13T12:30:00Z,0,0,0,0,60,377,30,0,4.0,0,0,90,1
0,0,0,0,0,0,0,0.0,0,0,0,0,378,378,0,0,19698,0.0,13 Aug 13:30,0,0,0.0,0,0,0,13,0,0,0,0,10,False,0,0,0,2,0,0,0,0,0,2017-08-13T12:30:00Z,0,0,0,0,65,378,0,0,0.0,0,0,0,1
0,0,0,0,0,0,0,12.4,1,0,0,0,379,379,0,0,847978,27.3,12 Aug 17:30,0,0,4.4,6,0,66,3,59,0,0,0,2,False,5,1,0,2,2,0,0,0,0,2017-08-12T16:30:00Z,0,0,0,0,65,379,23,0,4.0,3,0,90,1
0,0,1,0,0,0,0,19.4,1,0,0,0,380,380,0,0,399943,11.3,13 Aug 13:30,0,0,3.1,6,0,87,13,77,0,0,0,10,False,3,1,0,2,0,5,0,0,0,2017-08-13T12:30:00Z,0,0,0,0,60,380,28,0,0.0,0,0,90,1
0,1,1,0,0,0,0,47.6,2,0,0,1,381,381,0,0,134281,30.1,13 Aug 13:30,3,0,9.5,14,0,75,13,68,0,0,0,10,False,5,1,0,2,0,4,0,0,0,2017-08-13T12:30:00Z,0,2,0,0,55,381,36,0,17.0,2,0,90,1
0,0,0,0,0,0,0,0.0,0,0,0,0,382,382,0,0,161833,0.0,13 Aug 13:30,0,0,0.0,0,0,0,13,0,0,0,0,10,False,0,0,0,2,0,0,0,0,0,2017-08-13T12:30:00Z,0,0,0,0,55,382,0,0,0.0,0,0,0,1
0,0,0,0,0,0,0,0.0,0,0,0,0,383,383,0,0,13586,0.0,13 Aug 13:30,0,0,0.0,0,0,0,13,0,0,0,0,10,False,0,0,0,2,0,0,0,0,0,2017-08-13T12:30:00Z,0,0,0,0,45,383,0,0,0.0,0,0,0,1
0,0,0,0,0,0,0,19.4,0,0,0,0,384,384,0,0,177730,7.3,13 Aug 13:30,0,0,3.5,3,0,89,13,80,0,0,0,10,False,5,1,0,2,0,3,0,0,0,2017-08-13T12:30:00Z,0,0,0,0,50,384,13,1,8.0,0,0,90,1
0,0,2,0,0,0,0,15.0,1,0,0,0,385,385,0,0,98847,18.8,13 Aug 13:30,0,0,4.2,3,0,86,13,83,0,0,0,10,False,9,1,0,2,0,0,0,0,0,2017-08-13T12:30:00Z,0,1,0,0,50,385,22,4,8.0,1,0,89,1
0,0,0,0,0,0,0,0.0,0,0,0,0,386,386,0,0,2875,0.0,13 Aug 13:30,0,0,0.0,0,0,0,13,0,0,0,0,10,False,0,0,0,2,0,0,0,0,0,2017-08-13T12:30:00Z,0,0,0,0,65,386,0,0,0.0,0,0,0,1
0,0,0,0,0,0,0,48.4,3,0,0,0,387,387,0,0,570759,50.4,13 Aug 13:30,3,1,14.9,12,0,67,13,61,2,0,0,10,False,1,1,2,2,1,1,0,0,0,2017-08-13T12:30:00Z,0,0,0,0,95,387,36,1,50.0,0,0,90,1
0,0,2,0,1,0,0,36.6,0,0,0,1,388,388,0,0,1512564,8.3,13 Aug 13:30,0,0,9.0,8,0,31,13,24,0,0,0,10,False,5,1,0,2,0,1,0,0,0,2017-08-13T12:30:00Z,0,4,0,0,95,388,25,0,45.0,5,0,81,1
0,0,0,0,0,0,0,1.6,0,0,0,0,389,389,0,0,44364,0.8,13 Aug 13:30,0,0,0.2,1,0,9,13,7,0,0,0,10,False,0,0,0,2,0,1,0,0,0,2017-08-13T12:30:00Z,0,0,0,0,50,389,3,0,0.0,0,0,8,1
0,0,0,0,0,0,0,4.6,1,0,0,0,390,390,0,0,37255,18.9,13 Aug 13:30,0,1,2.6,1,0,25,13,23,0,0,0,10,False,3,0,0,2,0,0,0,1,0,2017-08-13T12:30:00Z,0,0,0,0,80,390,7,0,2.0,0,0,32,1
0,0,1,0,0,0,0,2.8,0,0,0,0,391,391,0,0,5044,0.2,13 Aug 13:30,0,0,0.3,1,0,6,13,6,0,0,0,10,False,0,0,0,2,0,0,0,0,0,2017-08-13T12:30:00Z,0,0,0,0,50,391,5,0,0.0,0,0,1,1
0,0,0,0,0,0,0,0.0,0,0,0,0,392,392,0,0,834,0.0,13 Aug 13:30,0,0,0.0,0,0,0,13,0,0,0,0,10,False,0,0,0,2,0,0,0,0,0,2017-08-13T12:30:00Z,0,0,0,0,55,392,0,0,0.0,0,0,0,1
0,0,2,0,0,0,0,7.4,2,0,0,0,393,393,0,0,13211,24.8,13 Aug 13:30,0,0,4.4,1,0,28,13,22,1,0,0,10,False,2,0,0,2,0,1,0,0,0,2017-08-13T12:30:00Z,0,2,0,0,55,393,4,1,12.0,3,0,57,1
0,1,0,0,0,0,0,4.0,2,0,0,0,394,394,0,0,1473220,30.6,13 Aug 13:30,0,0,12.2,1,0,16,13,15,2,0,0,10,False,2,1,0,2,0,1,0,0,0,2017-08-13T12:30:00Z,0,1,0,0,125,394,-6,1,87.0,3,2,90,1
0,0,0,0,0,0,0,0.0,0,0,0,0,395,395,0,0,11771,0.0,13 Aug 13:30,0,0,0.0,0,0,0,13,0,0,0,0,10,False,0,0,0,2,0,0,0,0,0,2017-08-13T12:30:00Z,0,0,0,0,75,395,0,0,0.0,0,0,0,1
0,0,0,0,0,0,0,0.0,0,0,0,0,396,396,0,3,7221,0.0,12 Aug 12:30,0,0,0.0,0,0,0,10,0,0,0,0,7,True,0,0,0,3,0,0,0,0,0,2017-08-12T11:30:00Z,0,0,0,0,45,396,0,0,0.0,0,0,0,1
0,0,0,3,0,0,2,9.8,0,0,0,0,397,397,0,3,72559,0.0,12 Aug 12:30,0,0,1.0,1,0,37,10,19,0,0,0,7,True,14,0,0,3,0,1,1,0,0,2017-08-12T11:30:00Z,0,1,0,0,45,397,10,0,0.0,0,0,90,1
0,0,1,3,0,0,0,32.6,0,0,0,0,398,398,0,3,21752,0.5,12 Aug 12:30,0,0,3.5,1,0,51,10,31,0,0,0,7,True,6,0,0,3,0,12,0,0,0,2017-08-12T11:30:00Z,0,1,0,0,45,398,14,0,2.0,1,0,90,1
0,0,0,0,0,0,0,0.0,0,0,0,0,399,399,0,3,1170,0.0,12 Aug 12:30,0,0,0.0,0,0,0,10,0,0,0,0,7,True,0,0,0,3,0,0,0,0,0,2017-08-12T11:30:00Z,0,0,0,0,45,399,0,0,0.0,0,0,0,1
0,0,0,0,0,0,0,0.0,0,0,0,0,400,400,0,3,23351,0.0,12 Aug 12:30,0,0,0.0,0,0,0,10,0,0,0,0,7,True,0,0,0,3,0,0,0,0,0,2017-08-12T11:30:00Z,0,0,0,0,45,400,0,0,0.0,0,0,0,1
0,0,0,3,0,1,0,38.6,1,0,0,0,401,401,0,3,19384,14.6,12 Aug 12:30,0,1,5.8,4,0,25,10,17,1,0,0,7,True,4,0,1,3,0,11,0,0,0,2017-08-12T11:30:00Z,0,0,0,0,50,401,22,2,5.0,3,0,90,1
0,0,1,3,0,0,0,49.2,0,0,0,1,402,402,0,3,19335,0.3,12 Aug 12:30,0,0,9.0,7,0,40,10,29,0,0,0,7,True,1,0,0,3,0,5,0,0,0,2017-08-12T11:30:00Z,0,0,0,0,45,402,24,0,40.0,0,0,90,1
0,0,0,0,0,0,0,0.0,0,0,0,0,403,403,0,3,1698,0.0,12 Aug 12:30,0,0,0.0,0,0,0,10,0,0,0,0,7,True,0,0,0,3,0,0,0,0,0,2017-08-12T11:30:00Z,0,0,0,0,45,403,0,0,0.0,0,0,0,1
0,0,1,0,0,0,0,1.4,0,0,0,0,404,404,0,3,13324,0.3,12 Aug 12:30,0,0,0.2,1,0,8,10,6,0,0,0,7,True,2,0,0,3,0,1,0,0,0,2017-08-12T11:30:00Z,0,1,0,0,50,404,4,0,0.0,0,0,17,1
0,0,0,0,0,0,0,0.0,0,0,0,0,405,405,0,3,171365,0.0,12 Aug 12:30,0,0,0.0,0,0,0,10,0,0,0,0,7,True,0,0,0,3,0,0,0,0,0,2017-08-12T11:30:00Z,0,0,0,0,40,405,0,0,0.0,0,0,0,1
0,0,0,0,0,0,0,0.0,0,0,0,0,406,406,0,3,64421,0.0,12 Aug 12:30,0,0,0.0,0,0,0,10,0,0,0,0,7,True,0,0,0,3,0,0,0,0,0,2017-08-12T11:30:00Z,0,0,0,0,40,406,0,0,0.0,0,0,0,1
0,0,1,3,0,0,0,9.2,0,0,0,0,407,407,0,3,5241,1.9,12 Aug 12:30,0,0,1.1,1,0,31,10,24,0,0,0,7,True,1,0,0,3,0,3,0,0,0,2017-08-12T11:30:00Z,0,0,0,0,45,407,11,1,0.0,1,0,72,1
0,0,0,3,0,0,0,3.2,0,0,0,0,408,408,0,3,8190,5.2,12 Aug 12:30,0,0,1.0,2,0,42,10,30,0,0,0,7,True,4,0,0,3,0,1,0,0,0,2017-08-12T11:30:00Z,0,0,0,0,50,408,8,0,2.0,1,0,90,1
0,0,0,0,0,0,0,0.0,0,0,0,0,409,409,0,3,309813,0.0,12 Aug 12:30,0,0,0.0,0,0,0,10,0,0,0,0,7,True,0,0,0,3,0,0,0,0,0,2017-08-12T11:30:00Z,0,0,0,0,55,409,0,0,0.0,0,0,0,1
0,0,0,0,0,0,0,0.0,0,0,0,0,410,410,0,3,10651,0.0,12 Aug 12:30,0,0,0.0,0,0,0,10,0,0,0,0,7,True,0,0,0,3,0,0,0,0,0,2017-08-12T11:30:00Z,0,0,0,0,45,410,0,0,0.0,0,0,0,1
0,0,0,0,0,0,0,0.0,0,0,0,0,411,411,0,3,344,0.0,12 Aug 12:30,0,0,0.0,0,0,0,10,0,0,0,0,7,True,0,0,0,3,0,0,0,0,0,2017-08-12T11:30:00Z,0,0,0,0,50,411,0,0,0.0,0,0,0,1
0,0,0,3,0,0,0,7.0,1,0,0,0,412,412,0,3,3796,19.0,12 Aug 12:30,0,0,2.6,2,0,31,10,15,0,0,0,7,True,3,0,0,3,1,1,0,1,0,2017-08-12T11:30:00Z,0,6,0,0,50,412,-2,1,0.0,5,0,90,1
0,0,0,0,0,0,0,0.0,0,0,0,0,413,413,0,3,2973,0.0,12 Aug 12:30,0,0,0.0,0,0,0,10,0,0,0,0,7,True,0,0,0,3,0,0,0,0,0,2017-08-12T11:30:00Z,0,0,0,0,55,413,0,0,0.0,0,0,0,1
0,0,1,3,0,0,0,48.6,2,0,0,1,414,414,0,3,1207,25.2,12 Aug 12:30,2,0,10.9,9,0,73,10,60,0,0,0,7,True,11,0,0,3,0,3,0,0,0,2017-08-12T11:30:00Z,0,2,0,0,50,414,36,3,35.0,1,0,90,1
0,0,0,1,0,0,0,0.4,0,0,0,0,415,415,0,3,10004,0.0,12 Aug 12:30,0,0,1.8,1,0,3,10,3,0,0,0,7,True,2,0,0,3,0,0,0,0,0,2017-08-12T11:30:00Z,0,0,0,0,60,415,4,1,18.0,0,0,48,1
0,0,0,0,0,0,0,0.0,0,0,0,0,416,416,0,3,13786,0.0,12 Aug 12:30,0,0,0.0,0,0,0,10,0,0,0,0,7,True,0,0,0,3,0,0,0,0,0,2017-08-12T11:30:00Z,0,0,0,0,50,416,0,0,0.0,0,0,0,1
0,0,0,0,0,0,0,0.0,0,0,0,0,417,417,0,3,38457,0.0,12 Aug 12:30,0,0,0.0,0,0,0,10,0,0,0,0,7,True,0,0,0,3,0,0,0,0,0,2017-08-12T11:30:00Z,0,0,0,0,65,417,0,0,0.0,0,0,0,1
0,0,0,3,0,0,0,35.2,1,0,0,1,418,418,0,3,6536,15.6,12 Aug 12:30,1,0,8.4,7,0,16,10,13,0,0,0,7,True,1,0,0,3,0,0,0,1,0,2017-08-12T11:30:00Z,0,3,0,0,55,418,26,3,33.0,4,0,62,1
0,0,0,0,0,0,0,0.0,0,0,0,0,419,419,0,3,674,0.0,12 Aug 12:30,0,0,0.0,0,0,0,10,0,0,0,0,7,True,0,0,0,3,0,0,0,0,0,2017-08-12T11:30:00Z,0,0,0,0,55,419,0,0,0.0,0,0,0,1
0,0,0,0,0,0,0,0.0,0,0,0,0,420,420,0,1,186295,0.0,12 Aug 15:00,0,0,0.0,0,0,0,2,0,0,0,0,8,True,0,0,0,0,0,0,0,0,0,2017-08-12T14:00:00Z,0,0,0,0,40,420,0,0,0.0,0,0,0,1
0,0,0,0,0,0,2,14.6,0,0,0,0,421,421,0,1,604214,0.0,12 Aug 15:00,1,0,1.5,7,0,20,2,6,0,0,0,8,True,10,1,0,0,0,0,0,0,0,2017-08-12T14:00:00Z,0,0,0,0,45,421,25,0,0.0,0,0,90,1
0,0,2,0,0,0,0,15.6,0,0,0,0,422,422,0,1,13029,1.1,12 Aug 15:00,0,0,1.7,6,0,26,2,19,0,0,0,8,True,7,1,0,0,0,3,0,0,0,2017-08-12T14:00:00Z,0,0,0,0,50,422,24,0,0.0,1,0,90,1
0,0,0,0,0,0,0,0.0,0,0,0,0,423,423,0,1,33974,0.0,12 Aug 15:00,0,0,0.0,0,0,0,2,0,0,0,0,8,True,0,0,0,0,0,0,0,0,0,2017-08-12T14:00:00Z,0,0,0,0,50,423,0,0,0.0,0,0,0,1
0,0,0,0,0,0,0,21.0,0,0,0,0,424,424,0,1,247072,0.0,12 Aug 15:00,0,0,2.1,6,0,20,2,14,0,0,0,8,True,4,1,0,0,0,11,0,0,0,2017-08-12T14:00:00Z,0,1,0,0,50,424,23,0,0.0,0,0,90,1
0,0,0,0,0,0,0,0.0,0,0,0,0,425,425,0,1,99420,0.0,12 Aug 15:00,0,0,0.0,0,0,0,2,0,0,0,0,8,True,0,0,0,0,0,0,0,0,0,2017-08-12T14:00:00Z,0,0,0,0,50,425,0,0,0.0,0,0,0,1
0,0,1,0,0,0,0,15.4,3,0,0,0,426,426,0,1,9248,38.3,12 Aug 15:00,0,0,6.0,3,0,33,2,22,0,0,0,8,True,9,1,0,0,0,1,0,0,0,2017-08-12T14:00:00Z,0,0,0,0,50,426,13,0,6.0,1,0,90,1
0,0,0,0,0,0,0,0.0,0,0,0,0,427,427,0,1,34759,0.0,12 Aug 15:00,0,0,0.0,0,0,0,2,0,0,0,0,8,True,0,0,0,0,0,0,0,0,0,2017-08-12T14:00:00Z,0,0,0,0,60,427,0,0,0.0,0,0,0,1
0,0,0,0,0,0,0,0.0,0,0,0,0,428,428,0,1,531,0.0,12 Aug 15:00,0,0,0.0,0,0,0,2,0,0,0,0,8,True,0,0,0,0,0,0,0,0,0,2017-08-12T14:00:00Z,0,0,0,0,55,428,0,0,0.0,0,0,0,1
0,1,0,0,0,0,0,8.8,0,0,0,0,429,429,0,1,17803,0.9,12 Aug 15:00,0,0,2.4,2,0,17,2,16,2,0,0,8,True,5,1,0,0,0,8,0,0,0,2017-08-12T14:00:00Z,0,2,0,0,45,429,4,0,14.0,0,0,90,1
0,0,5,0,0,0,0,21.4,2,0,0,0,430,430,0,1,5761,25.9,12 Aug 15:00,0,0,5.2,3,0,13,2,11,2,0,0,8,True,4,1,0,0,1,2,0,1,0,2017-08-12T14:00:00Z,0,2,0,0,50,430,13,0,5.0,3,0,90,1
0,0,0,0,0,0,0,0.0,0,0,0,0,431,431,0,1,4590,0.0,12 Aug 15:00,0,0,0.0,0,0,0,2,0,0,0,0,8,True,0,0,0,0,0,0,0,0,0,2017-08-12T14:00:00Z,0,0,0,0,45,431,0,0,0.0,0,0,0,1
0,0,0,0,0,0,0,6.8,2,0,0,0,432,432,0,1,114646,31.0,12 Aug 15:00,0,0,5.4,3,0,18,2,13,1,0,0,8,True,3,1,0,0,0,3,0,0,0,2017-08-12T14:00:00Z,0,0,0,0,60,432,7,1,16.0,3,0,71,1
0,0,0,0,0,0,0,3.2,0,0,0,0,433,433,0,1,2503,1.3,12 Aug 15:00,0,0,0.5,3,0,12,2,10,0,0,0,8,True,2,1,0,0,0,2,0,0,0,2017-08-12T14:00:00Z,0,1,0,0,45,433,6,0,0.0,0,0,69,1
0,0,3,0,0,0,0,29.8,3,0,0,0,434,434,0,1,5228,42.3,12 Aug 15:00,2,1,7.2,8,0,27,2,8,0,0,0,8,True,6,1,1,0,1,2,0,0,0,2017-08-12T14:00:00Z,0,1,0,0,55,434,29,0,0.0,1,0,90,1
0,0,0,0,0,0,0,2.0,0,0,0,0,435,435,0,1,87183,0.3,12 Aug 15:00,0,0,0.9,1,0,1,2,1,0,0,0,8,True,0,0,0,0,0,0,0,0,0,2017-08-12T14:00:00Z,0,1,0,0,65,435,2,0,7.0,0,0,2,1
0,1,0,0,0,0,0,0.0,0,0,0,0,436,436,0,1,36081,0.5,12 Aug 15:00,0,0,0.0,0,0,4,2,2,1,0,0,8,True,1,0,0,0,0,0,0,0,0,2017-08-12T14:00:00Z,0,2,0,0,50,436,-5,0,4.0,2,0,18,1
0,1,0,0,0,0,0,3.2,2,0,0,0,437,437,0,1,120452,22.5,12 Aug 15:00,0,0,9.8,1,0,20,2,12,2,0,0,8,True,2,1,0,0,0,0,0,1,0,2017-08-12T14:00:00Z,0,4,0,0,60,437,-6,0,72.0,4,0,87,1
0,0,0,0,0,0,0,0.0,0,0,0,0,438,438,0,4,24951,0.0,13 Aug 16:00,0,0,0.0,0,0,0,12,0,0,0,0,9,False,0,0,0,0,0,0,0,0,0,2017-08-13T15:00:00Z,0,0,0,0,45,438,0,0,0.0,0,0,0,1
0,0,0,0,0,0,0,0.0,0,0,0,0,439,439,0,4,1563,0.0,13 Aug 16:00,0,0,0.0,0,0,0,12,0,0,0,0,9,False,0,0,0,0,0,0,0,0,0,2017-08-13T15:00:00Z,0,0,0,0,45,439,0,0,0.0,0,0,0,1
0,0,0,0,0,0,0,0.0,0,0,0,0,440,440,0,4,94959,0.0,13 Aug 16:00,0,0,0.0,0,0,0,12,0,0,0,0,9,False,0,0,0,0,0,0,0,0,0,2017-08-13T15:00:00Z,0,0,0,0,50,440,0,0,0.0,0,0,0,1
0,0,0,0,0,0,0,0.0,0,0,0,0,441,441,0,4,12540,0.0,13 Aug 16:00,0,0,0.0,0,0,0,12,0,0,0,0,9,False,0,0,0,0,0,0,0,0,0,2017-08-13T15:00:00Z,0,0,0,0,45,441,0,0,0.0,0,0,0,1
0,0,1,4,0,0,0,26.4,0,0,0,0,442,442,0,4,75418,0.1,13 Aug 16:00,0,0,2.7,0,0,46,12,40,0,0,0,9,False,8,0,0,0,0,10,0,0,0,2017-08-13T15:00:00Z,0,0,0,0,50,442,19,0,0.0,0,0,90,1
0,0,0,2,0,0,0,0.4,0,0,0,0,443,443,0,4,25136,0.6,13 Aug 16:00,0,0,1.9,0,0,10,12,9,0,0,0,9,False,0,0,0,0,0,0,0,0,0,2017-08-13T15:00:00Z,0,0,0,0,50,443,3,0,18.0,0,0,9,1
0,1,0,4,0,0,0,13.2,0,0,0,0,444,444,0,4,48392,0.5,13 Aug 16:00,0,0,1.4,-1,0,44,12,35,0,0,0,9,False,4,0,0,0,0,9,0,0,0,2017-08-13T15:00:00Z,0,0,0,0,45,444,10,0,0.0,0,0,90,1
0,0,0,0,0,0,0,0.0,0,0,0,0,445,445,0,4,10821,0.0,13 Aug 16:00,0,0,0.0,0,0,0,12,0,0,0,0,9,False,0,0,0,0,0,0,0,0,0,2017-08-13T15:00:00Z,0,0,0,0,45,445,0,0,0.0,0,0,0,1
0,0,3,2,0,1,0,20.2,0,0,0,0,446,446,0,4,10420,1.8,13 Aug 16:00,0,0,2.2,1,0,24,12,21,0,0,0,9,False,4,0,0,0,0,6,0,0,0,2017-08-13T15:00:00Z,0,1,0,0,45,446,14,0,0.0,0,0,80,1
0,1,2,4,0,0,0,27.2,0,0,0,0,447,447,0,4,150926,1.0,13 Aug 16:00,0,0,2.8,-1,0,31,12,21,0,0,0,9,False,4,0,0,0,0,8,0,0,0,2017-08-13T15:00:00Z,0,1,0,0,50,447,11,0,0.0,0,0,90,1
0,0,0,0,0,0,0,0.0,0,0,0,0,448,448,0,4,250680,0.0,13 Aug 16:00,0,0,0.0,0,0,0,12,0,0,0,0,9,False,0,0,0,0,0,0,0,0,0,2017-08-13T15:00:00Z,0,0,0,0,60,448,0,0,0.0,0,0,0,1
0,0,0,4,0,0,0,1.4,0,0,0,0,449,449,0,4,92244,8.7,13 Aug 16:00,0,0,1.0,2,0,30,12,25,0,0,0,9,False,3,0,0,0,0,0,0,1,0,2017-08-13T15:00:00Z,0,0,0,0,70,449,7,0,0.0,3,0,90,1
0,0,0,2,0,0,0,24.6,3,0,0,0,450,450,0,4,11166,35.0,13 Aug 16:00,0,0,6.5,2,0,30,12,25,1,0,0,9,False,3,0,0,0,0,4,0,0,0,2017-08-13T15:00:00Z,0,1,0,0,55,450,13,0,5.0,1,0,60,1
0,0,0,0,0,0,0,0.0,0,0,0,0,451,451,0,4,1272,0.0,13 Aug 16:00,0,0,0.0,0,0,0,12,0,0,0,0,9,False,0,0,0,0,0,0,0,0,0,2017-08-13T15:00:00Z,0,0,0,0,50,451,0,0,0.0,0,0,0,1
0,0,6,4,0,0,0,23.0,1,0,0,0,452,452,0,4,37423,12.8,13 Aug 16:00,0,0,3.6,2,0,55,12,44,0,0,0,9,False,11,0,0,0,0,3,0,0,0,2017-08-13T15:00:00Z,0,0,0,0,45,452,27,1,0.0,1,0,90,1
0,0,0,0,0,0,0,0.0,0,0,0,0,453,453,0,4,61106,0.0,13 Aug 16:00,0,0,0.0,0,0,0,12,0,0,0,0,9,False,0,0,0,0,0,0,0,0,0,2017-08-13T15:00:00Z,0,0,0,0,70,453,0,0,0.0,0,0,0,1
0,0,0,0,0,0,0,0.0,0,0,0,0,454,454,0,4,6194,0.0,13 Aug 16:00,0,0,0.0,0,0,0,12,0,0,0,0,9,False,0,0,0,0,0,0,0,0,0,2017-08-13T15:00:00Z,0,0,0,0,75,454,0,0,0.0,0,0,0,1
0,0,0,0,0,0,0,0.0,0,0,0,0,455,455,0,4,1798,0.0,13 Aug 16:00,0,0,0.0,0,0,0,12,0,0,0,0,9,False,0,0,0,0,0,0,0,0,0,2017-08-13T15:00:00Z,0,0,0,0,55,455,0,0,0.0,0,0,0,1
0,0,0,2,0,0,0,6.6,1,0,0,0,456,456,0,4,13831,11.3,13 Aug 16:00,0,0,4.3,1,0,19,12,15,0,0,0,9,False,3,0,0,0,0,0,0,0,0,2017-08-13T15:00:00Z,0,0,0,0,45,456,5,0,25.0,0,0,59,1
0,0,0,0,0,0,0,0.0,0,0,0,0,457,457,0,4,4252,0.0,13 Aug 16:00,0,0,0.0,0,0,0,12,0,0,0,0,9,False,0,0,0,0,0,0,0,0,0,2017-08-13T15:00:00Z,0,0,0,0,60,457,0,0,0.0,0,0,0,1
0,0,0,2,0,0,0,0.0,0,0,0,0,458,458,0,4,2459,1.6,13 Aug 16:00,0,0,0.6,1,0,6,12,4,1,0,0,9,False,0,0,0,0,0,0,0,0,0,2017-08-13T15:00:00Z,0,0,0,0,55,458,-2,0,6.0,1,1,30,1
0,0,0,0,0,0,0,0.0,0,0,0,0,459,459,0,4,41694,0.0,13 Aug 16:00,0,0,0.0,0,0,0,12,0,0,0,0,9,False,0,0,0,0,0,0,0,0,0,2017-08-13T15:00:00Z,0,0,0,0,45,459,0,0,0.0,0,0,0,1
0,0,0,0,0,0,0,0.0,0,0,0,0,460,460,0,4,2427,0.0,13 Aug 16:00,0,0,0.0,0,0,0,12,0,0,0,0,9,False,0,0,0,0,0,0,0,0,0,2017-08-13T15:00:00Z,0,0,0,0,50,460,0,0,0.0,0,0,0,1
0,0,3,2,0,0,0,15.4,0,0,0,0,461,461,0,0,39852,0.9,12 Aug 17:30,0,0,1.6,1,0,18,11,12,0,0,0,2,True,4,0,0,2,0,7,0,0,0,2017-08-12T16:30:00Z,0,0,0,0,45,461,15,0,0.0,1,0,90,1
0,0,0,0,0,0,0,0.0,0,0,0,0,462,462,0,0,7187,0.0,12 Aug 15:00,0,0,0.0,0,0,0,6,0,0,0,0,4,False,0,0,0,3,0,0,0,0,0,2017-08-12T14:00:00Z,0,0,0,0,45,462,0,0,0.0,0,0,0,1
0,0,0,0,0,0,0,0.0,0,0,0,0,463,463,0,2,23262,0.0,12 Aug 15:00,0,0,0.0,0,0,0,4,0,0,0,0,3,True,0,0,0,3,0,0,0,0,0,2017-08-12T14:00:00Z,0,0,0,0,50,463,0,0,0.0,0,0,0,1
0,1,1,0,0,0,0,14.8,1,0,0,0,464,464,0,1,27700,19.8,12 Aug 15:00,0,0,3.9,0,0,21,15,14,0,0,0,5,True,2,0,0,0,2,4,0,0,0,2017-08-12T14:00:00Z,0,1,0,0,45,464,4,0,4.0,2,0,45,1
0,0,0,0,0,0,0,0.0,0,0,0,0,465,465,0,0,70393,0.0,13 Aug 13:30,0,0,0.0,0,0,0,17,0,0,0,0,10,True,0,0,0,2,0,0,0,0,0,2017-08-13T12:30:00Z,0,0,0,0,40,465,0,0,0.0,0,0,0,1
0,0,0,0,0,0,0,0.0,0,0,0,0,466,466,0,0,9725,0.0,13 Aug 13:30,0,0,0.0,0,0,0,17,0,0,0,0,10,True,0,0,0,2,0,0,0,0,0,2017-08-13T12:30:00Z,0,0,0,0,50,466,0,0,0.0,0,0,0,1
0,0,0,0,0,0,0,0.0,0,0,0,0,467,467,0,0,13496,0.0,13 Aug 13:30,0,0,0.0,0,0,0,17,0,0,0,0,10,True,0,0,0,2,0,0,0,0,0,2017-08-13T12:30:00Z,0,0,0,0,45,467,0,0,0.0,0,0,0,1
0,0,0,0,1,0,0,57.8,1,0,0,1,468,468,0,1,90370,10.3,12 Aug 15:00,3,0,12.1,15,0,25,2,18,1,0,0,8,True,3,1,0,0,0,12,0,0,0,2017-08-12T14:00:00Z,0,1,0,0,45,468,39,0,53.0,0,0,90,1
0,0,0,0,0,0,0,0.0,0,0,0,0,469,469,0,2,3195,0.0,12 Aug 15:00,0,0,0.0,0,0,0,5,0,0,0,0,3,False,0,0,0,3,0,0,0,0,0,2017-08-12T14:00:00Z,0,0,0,0,45,469,0,0,0.0,0,0,0,1
0,0,0,3,0,0,0,12.6,1,0,0,0,470,470,0,2,5068,11.4,12 Aug 15:00,0,0,2.8,1,0,46,4,42,0,0,0,3,True,4,0,0,3,0,2,0,0,0,2017-08-12T14:00:00Z,0,0,0,0,55,470,16,1,4.0,0,0,73,1
0,0,0,0,0,0,0,0.0,0,0,0,0,471,471,0,2,3084,0.0,12 Aug 15:00,0,0,0.0,1,0,0,4,0,0,0,0,3,True,0,0,0,3,0,0,0,0,0,2017-08-12T14:00:00Z,0,0,0,0,50,471,3,0,0.0,0,0,1,1
0,0,0,0,0,0,0,50.6,1,0,0,1,472,472,0,2,245495,11.1,12 Aug 15:00,2,1,10.5,10,0,5,4,5,1,0,0,3,True,2,0,1,3,0,0,0,2,0,2017-08-12T14:00:00Z,0,1,0,0,100,472,34,0,43.0,2,0,31,1
0,0,0,0,0,0,0,0.0,0,0,0,0,473,473,0,4,12408,0.0,11 Aug 19:45,0,0,0.0,0,0,0,1,0,0,0,0,1,False,0,0,0,3,0,0,0,0,0,2017-08-11T18:45:00Z,0,0,0,0,45,473,0,0,0.0,0,0,0,1
0,0,0,2,0,0,0,8.8,0,0,0,0,474,474,0,4,6163,0.9,11 Aug 19:45,0,0,1.0,2,0,16,1,11,0,0,0,1,False,4,0,0,3,0,4,0,0,0,2017-08-11T18:45:00Z,0,3,0,0,45,474,5,0,0.0,1,0,81,1
0,0,0,0,0,0,0,0.0,0,0,0,0,475,475,0,3,70031,0.0,12 Aug 12:30,0,0,0.0,0,0,0,18,0,0,0,0,7,False,0,0,0,3,0,0,0,0,0,2017-08-12T11:30:00Z,0,0,0,0,50,475,0,0,0.0,0,0,0,1
0,0,0,0,0,0,0,0.0,0,0,0,0,476,476,0,4,4259,0.0,13 Aug 16:00,0,0,0.0,0,0,0,20,0,0,0,0,9,True,0,0,0,0,0,0,0,0,0,2017-08-13T15:00:00Z,0,0,0,0,50,476,0,0,0.0,0,0,0,1
0,0,2,2,0,0,0,15.6,1,0,0,0,477,477,0,0,57103,10.9,13 Aug 13:30,0,1,3.3,1,0,19,17,11,1,0,0,10,True,4,0,0,2,0,5,0,0,0,2017-08-13T12:30:00Z,0,1,0,0,45,477,16,1,6.0,0,0,90,1
0,0,0,0,0,0,0,0.0,0,0,0,0,478,478,0,0,10434,0.0,13 Aug 13:30,0,0,0.0,0,0,0,17,0,0,0,0,10,True,0,0,0,2,0,0,0,0,0,2017-08-13T12:30:00Z,0,0,0,0,55,478,0,0,0.0,0,0,0,1
0,0,0,4,0,0,2,5.8,0,0,0,0,479,479,0,4,527358,0.0,13 Aug 16:00,0,0,0.6,0,0,30,12,16,0,0,0,9,False,6,0,0,0,0,2,0,0,0,2017-08-13T15:00:00Z,0,0,0,0,45,479,13,0,0.0,0,0,90,1
0,0,0,0,0,0,0,0.0,0,0,0,0,480,480,0,4,20295,0.0,11 Aug 19:45,0,0,0.0,0,0,0,9,0,0,0,0,1,True,0,0,0,3,0,0,0,0,0,2017-08-11T18:45:00Z,0,0,0,0,50,480,0,0,0.0,0,0,0,1
0,0,0,0,0,0,0,2.6,0,0,0,0,481,481,0,0,3785,0.0,12 Aug 17:30,0,0,0.3,1,0,9,11,7,0,0,0,2,True,1,0,0,2,0,1,0,0,0,2017-08-12T16:30:00Z,0,0,0,0,55,481,4,1,0.0,0,0,23,1
0,0,2,3,0,0,0,21.6,0,0,0,0,482,482,0,0,18572,0.8,12 Aug 15:00,0,0,2.2,1,0,49,8,40,0,0,0,4,True,2,0,0,3,0,9,0,0,0,2017-08-12T14:00:00Z,0,0,0,0,50,482,19,1,0.0,0,0,90,1
0,0,1,0,0,0,0,1.8,0,0,0,0,483,483,0,0,168249,6.3,12 Aug 17:30,0,0,1.3,6,0,38,3,34,1,0,0,2,False,4,1,0,2,0,1,0,0,0,2017-08-12T16:30:00Z,0,0,0,0,55,483,22,0,5.0,2,0,67,1
0,0,0,0,0,0,0,0.0,0,0,0,0,484,484,0,0,20568,0.0,12 Aug 17:30,0,0,0.0,0,0,0,3,0,0,0,0,2,False,0,0,0,2,0,0,0,0,0,2017-08-12T16:30:00Z,0,0,0,0,65,484,0,0,0.0,0,0,0,1
0,0,0,0,0,0,0,7.0,0,0,0,0,485,485,0,0,5524,0.0,12 Aug 15:00,0,0,0.7,1,0,4,14,4,0,0,0,6,False,0,0,0,0,0,2,0,0,0,2017-08-12T14:00:00Z,0,0,0,0,45,485,4,0,0.0,0,0,9,1
0,0,0,0,0,0,0,0.0,0,0,0,0,486,486,0,3,5647,0.0,12 Aug 12:30,0,0,0.0,0,0,0,10,0,0,0,0,7,True,0,0,0,3,0,0,0,0,0,2017-08-12T11:30:00Z,0,0,0,0,45,486,0,0,0.0,0,0,0,1
0,0,0,4,0,0,0,0.0,0,0,0,0,487,487,0,4,833378,8.3,13 Aug 16:00,0,0,1.6,2,0,26,12,19,2,0,0,9,False,4,0,0,0,0,1,0,1,0,2017-08-13T15:00:00Z,0,3,0,0,70,487,-2,2,11.0,5,0,90,1
0,0,0,0,0,0,0,0.0,0,0,0,0,488,488,0,1,10521,0.0,12 Aug 15:00,0,0,0.0,0,0,0,7,0,0,0,0,5,False,0,0,0,0,0,0,0,0,0,2017-08-12T14:00:00Z,0,0,0,0,55,488,0,0,0.0,0,0,0,1
0,0,0,0,0,0,0,0.0,0,0,0,0,489,489,0,4,1979,0.0,11 Aug 19:45,0,0,0.0,0,0,0,9,0,0,0,0,1,True,0,0,0,3,0,0,0,0,0,2017-08-11T18:45:00Z,0,0,0,0,50,489,0,0,0.0,0,0,0,1
0,0,1,2,0,0,0,7.6,0,0,0,0,490,490,0,0,6787,0.9,12 Aug 17:30,0,0,1.3,2,0,15,11,8,2,0,0,2,True,3,0,0,2,0,4,0,0,0,2017-08-12T16:30:00Z,0,0,0,0,55,490,11,2,4.0,0,0,90,1
0,0,0,0,0,0,0,0.0,0,0,0,0,491,491,0,0,4672,0.0,12 Aug 15:00,0,0,0.0,0,0,0,8,0,0,0,0,4,True,0,0,0,3,0,0,0,0,0,2017-08-12T14:00:00Z,0,0,0,0,45,491,0,0,0.0,0,0,0,1
0,0,0,0,0,0,0,0.0,0,0,0,0,492,492,0,0,1930,0.0,12 Aug 17:30,0,0,0.0,0,0,0,3,0,0,0,0,2,False,0,0,0,2,0,0,0,0,0,2017-08-12T16:30:00Z,0,0,0,0,50,492,0,0,0.0,0,0,0,1
0,0,0,0,0,0,0,0.0,0,0,0,0,493,493,0,0,2913,0.0,12 Aug 17:30,0,0,0.0,0,0,0,3,0,0,0,0,2,False,0,0,0,2,0,0,0,0,0,2017-08-12T16:30:00Z,0,0,0,0,50,493,0,0,0.0,0,0,0,1
0,0,1,2,0,0,0,21.6,0,0,0,0,494,494,0,0,98023,0.4,13 Aug 13:30,0,0,2.2,0,0,14,17,13,0,0,0,10,True,4,0,0,2,0,6,0,0,0,2017-08-13T12:30:00Z,0,0,0,0,40,494,9,0,0.0,0,0,56,1
0,0,1,0,0,0,0,9.4,0,0,0,0,495,495,0,0,2640,2.7,13 Aug 13:30,0,0,1.2,1,0,15,17,12,0,0,0,10,True,1,0,0,2,0,2,0,0,0,2017-08-13T12:30:00Z,0,0,0,0,50,495,6,0,0.0,0,0,14,1
0,0,1,2,0,0,0,16.6,1,0,0,0,496,496,0,0,6798,14.7,13 Aug 13:30,0,0,3.3,2,0,25,17,21,0,0,0,10,True,2,0,0,2,1,6,0,0,0,2017-08-13T12:30:00Z,0,2,0,0,45,496,8,0,2.0,3,0,90,1
0,0,0,0,0,0,0,6.2,1,0,0,0,497,497,0,1,6855,10.9,12 Aug 15:00,0,0,2.7,1,0,9,7,6,0,0,0,5,False,2,0,0,0,0,0,0,0,0,2017-08-12T14:00:00Z,0,1,0,0,55,497,1,1,10.0,3,0,18,1
0,0,1,0,0,0,0,15.2,1,0,0,0,498,498,0,0,14948,20.7,13 Aug 13:30,0,0,4.0,6,0,54,13,49,0,0,0,10,False,4,1,0,2,1,4,0,0,0,2017-08-13T12:30:00Z,0,0,0,0,45,498,29,1,4.0,3,0,90,1
0,0,0,0,0,0,0,0.0,0,0,0,0,499,499,0,3,4907,0.0,12 Aug 12:30,0,0,0.0,0,0,0,10,0,0,0,0,7,True,0,0,0,3,0,0,0,0,0,2017-08-12T11:30:00Z,0,0,0,0,50,499,0,0,0.0,0,0,0,1
0,0,0,0,0,0,0,0.0,0,0,0,0,500,500,0,0,7001,0.0,12 Aug 15:00,0,0,0.0,0,0,0,16,0,0,0,0,6,True,0,0,0,0,0,0,0,0,0,2017-08-12T14:00:00Z,0,0,0,0,50,500,0,0,0.0,0,0,0,1
0,0,1,2,0,0,0,0.0,0,0,0,0,501,501,0,3,2013,1.2,12 Aug 12:30,0,0,1.1,4,0,7,10,4,2,0,0,7,True,3,0,1,3,0,1,0,1,0,2017-08-12T11:30:00Z,0,0,0,0,60,501,11,0,11.0,1,0,41,1
0,0,0,0,0,0,0,0.0,0,0,0,0,502,502,0,0,0,0.0,12 Aug 17:30,0,0,0.0,0,0,0,3,0,0,0,0,2,False,0,0,0,2,0,0,0,0,0,2017-08-12T16:30:00Z,0,0,0,0,50,502,0,0,0.0,0,0,0,1
0,0,0,0,0,0,0,0.0,0,0,0,0,503,503,0,2,0,0.0,12 Aug 15:00,0,0,0.0,0,0,0,4,0,0,0,0,3,True,0,0,0,3,0,0,0,0,0,2017-08-12T14:00:00Z,0,0,0,0,45,503,0,0,0.0,0,0,0,1
0,0,0,0,0,0,0,0.0,0,0,0,0,504,504,0,2,0,0.0,12 Aug 15:00,0,0,0.0,0,0,0,4,0,0,0,0,3,True,0,0,0,3,0,0,0,0,0,2017-08-12T14:00:00Z,0,0,0,0,45,504,0,0,0.0,0,0,0,1
0,0,0,0,0,0,0,0.0,0,0,0,0,505,505,0,0,0,0.0,12 Aug 15:00,0,0,0.0,0,0,0,8,0,0,0,0,4,True,0,0,0,3,0,0,0,0,0,2017-08-12T14:00:00Z,0,0,0,0,45,505,0,0,0.0,0,0,0,1
0,0,0,0,0,0,0,0.0,0,0,0,0,506,506,0,0,0,0.0,12 Aug 15:00,0,0,0.0,0,0,0,16,0,0,0,0,6,True,0,0,0,0,0,0,0,0,0,2017-08-12T14:00:00Z,0,0,0,0,40,506,0,0,0.0,0,0,0,1
0,0,1,0,0,0,0,6.6,2,0,0,0,507,507,0,1,0,20.4,12 Aug 15:00,0,0,2.7,1,0,5,2,4,0,0,0,8,True,2,0,0,0,0,0,0,0,0,2017-08-12T14:00:00Z,0,0,0,0,45,507,6,0,0.0,1,0,20,1
0,0,0,0,0,0,0,0.0,0,0,0,0,508,508,0,1,0,0.0,12 Aug 15:00,0,0,0.0,0,0,0,2,0,0,0,0,8,True,0,0,0,0,0,0,0,0,0,2017-08-12T14:00:00Z,0,0,0,0,40,508,0,0,0.0,0,0,0,1
0,0,0,0,0,0,0,0.0,0,0,0,0,509,509,0,2,0,1.0,12 Aug 15:00,0,0,0.0,1,0,4,4,4,0,0,0,3,True,0,0,0,3,0,0,0,0,0,2017-08-12T14:00:00Z,0,1,0,0,60,509,1,0,0.0,1,0,17,1
0,0,0,2,0,0,0,4.2,0,0,0,0,510,510,0,4,0,1.1,13 Aug 16:00,0,0,0.5,0,0,23,12,22,0,0,0,9,False,1,0,0,0,0,2,0,0,0,2017-08-13T15:00:00Z,0,0,0,0,45,510,4,0,0.0,0,0,29,1
